arquivo,md5,bytes
C:/Users/oorie/OneDrive/Documentos/TRABALHOS/TEMPERATURA/data_inmet_campos/resultados_dengue_temperatura/relatorios/relatorio_dengue_temperatura_abnt.pdf,a42c09c0404887c907d1a950a3a2b269,2541853
C:/Users/oorie/OneDrive/Documentos/TRABALHOS/TEMPERATURA/data_inmet_campos/resultados_dengue_temperatura/relatorios/dengue_temperatura_abnt.Rmd,c3be4037f5f2b7da1481441f2b9ad693,8693
C:/Users/oorie/OneDrive/Documentos/TRABALHOS/TEMPERATURA/data_inmet_campos/resultados_dengue_temperatura/tabelas/tabela_diaria_associacao.csv,b7629f930ddb62dcb25df9f7e7cb1076,205254
C:/Users/oorie/OneDrive/Documentos/TRABALHOS/TEMPERATURA/data_inmet_campos/resultados_dengue_temperatura/tabelas/correlacoes_spearman.csv,79475ad359e76127a7b7d571b5180a8c,395
C:/Users/oorie/OneDrive/Documentos/TRABALHOS/TEMPERATURA/data_inmet_campos/resultados_dengue_temperatura/auditoria/auditoria_recalculo_spearman.csv,ab43589a5a589ab7c668c3df999f2ab8,655
C:/Users/oorie/OneDrive/Documentos/TRABALHOS/TEMPERATURA/data_inmet_campos/resultados_dengue_temperatura/auditoria/auditoria_recalculo_spearman_mensal.csv,c7b162ffdcba9da2679d5761d0620e81,5928
C:/Users/oorie/OneDrive/Documentos/TRABALHOS/TEMPERATURA/data_inmet_campos/resultados_dengue_temperatura/auditoria/auditoria_p_valores_reais.csv,83017572e251aa98c31ab917b513bc10,674
C:/Users/oorie/OneDrive/Documentos/TRABALHOS/TEMPERATURA/data_inmet_campos/resultados_dengue_temperatura/auditoria/auditoria_p_valores_mensais.csv,da16359230f4dc992b36f73bd60ebb50,6799
C:/Users/oorie/OneDrive/Documentos/TRABALHOS/TEMPERATURA/data_inmet_campos/resultados_dengue_temperatura/auditoria/auditoria_tabela_diaria_associacao.csv,df2163724ae07190759b88b29966be65,361
C:/Users/oorie/OneDrive/Documentos/TRABALHOS/TEMPERATURA/data_inmet_campos/resultados_dengue_temperatura/compliance/compliance_checklist.csv,a1182ac0432351afe664b6688d52fd5f,613
C:/Users/oorie/OneDrive/Documentos/TRABALHOS/TEMPERATURA/data_inmet_campos/resultados_dengue_temperatura/benchmarks/benchmark_pipeline.csv,ff1a0beceb9b5797a0690597bfec269f,419
C:/Users/oorie/OneDrive/Documentos/TRABALHOS/TEMPERATURA/data_inmet_campos/resultados_dengue_temperatura/figuras/01_serie_diaria_casos_temperatura.png,3c8482f62ca83899ca16236573e98472,393911
C:/Users/oorie/OneDrive/Documentos/TRABALHOS/TEMPERATURA/data_inmet_campos/resultados_dengue_temperatura/figuras/02_dispersao_diaria_spearman.png,7e6db4b42321ab69ef72843092ca75a3,571571
C:/Users/oorie/OneDrive/Documentos/TRABALHOS/TEMPERATURA/data_inmet_campos/resultados_dengue_temperatura/figuras/03_rho_spearman_mensal.png,20f6a5f8471737b9f9abf55b9a6e8146,274948
C:/Users/oorie/OneDrive/Documentos/TRABALHOS/TEMPERATURA/data_inmet_campos/resultados_dengue_temperatura/figuras/04_pvalor_spearman_mensal.png,25db8daf21f8f43294db893571bcb4e0,262222
C:/Users/oorie/OneDrive/Documentos/TRABALHOS/TEMPERATURA/data_inmet_campos/resultados_dengue_temperatura/figuras/05_agregado_anual_spearman.png,cb7852ce2cb3b76d29814794051341c1,183014
C:/Users/oorie/OneDrive/Documentos/TRABALHOS/TEMPERATURA/data_inmet_campos/resultados_dengue_temperatura/figuras/06_anomalias_mensais_spearman.png,bc8f062f2f98a2ae48d4ed79b2a383cf,616541
