lag_dias,metodo,n,rho,p_valor
0,spearman,1110,0.20550818522999983,4.74346738393149e-12
1,spearman,1109,0.21312572527968288,7.391562327153422e-13
2,spearman,1109,0.20194380614625568,1.1407259459344073e-11
3,spearman,1108,0.20845889303190754,2.4141743551671744e-12
4,spearman,1108,0.20245620768558242,1.0314958132850338e-11
5,spearman,1108,0.1997564360849499,1.953641609957756e-11
6,spearman,1108,0.21135219548250886,1.1799034080590719e-12
7,spearman,1108,0.20534840885865274,5.1522722244604265e-12
8,spearman,1108,0.1982192554610234,2.7992538147148674e-11
9,spearman,1108,0.21810597594589798,2.13012955340805e-13
10,spearman,1108,0.23940228892494891,6.602878953705758e-16
11,spearman,1108,0.2541457634219124,8.57969932992734e-18
12,spearman,1108,0.27398316720236987,1.5724545887498093e-20
13,spearman,1108,0.26659830623013575,1.7478958808190729e-19
14,spearman,1108,0.26795828441139197,1.128053845818442e-19
15,spearman,1108,0.24773706615701882,5.870265429599882e-17
16,spearman,1108,0.22395044348455037,4.623286023246469e-14
17,spearman,1108,0.23475037578238378,2.450679086372647e-15
18,spearman,1108,0.2539581358466291,9.083642718189482e-18
19,spearman,1108,0.26403283275239214,3.965628231435055e-19
20,spearman,1108,0.27717227874545125,5.430430940854204e-21
21,spearman,1107,0.2753858627572187,1.0269628970351929e-20
22,spearman,1107,0.2753001644154446,1.0566705827143756e-20
23,spearman,1107,0.2556754854435756,5.565293887792034e-18
24,spearman,1107,0.27663378702716296,6.771885718436324e-21
25,spearman,1107,0.2970425758469469,5.4812075870187925e-24
26,spearman,1107,0.31567829023365723,4.8863043660993814e-27
27,spearman,1107,0.31403616245671256,9.260485649192647e-27
28,spearman,1107,0.3173657441908896,2.5225871739358162e-27
29,spearman,1107,0.31886103559389545,1.3991541287567688e-27
30,spearman,1107,0.3114857938706791,2.4797557818006334e-26
31,spearman,1107,0.3074187365643276,1.1693822459414592e-25
32,spearman,1107,0.31320183952054037,1.2794868727360427e-26
33,spearman,1107,0.3240101901401015,1.7914730452104862e-28
34,spearman,1107,0.32299629069266106,2.6937239353138664e-28
35,spearman,1107,0.3354889677248294,1.5855270108211133e-30
36,spearman,1107,0.3242383448419979,1.6340117902264308e-28
37,spearman,1106,0.31094460118258455,3.213071011110079e-26
38,spearman,1106,0.31409658972471555,9.532257279307814e-27
39,spearman,1106,0.3301171168056298,1.5744649130472084e-29
40,spearman,1106,0.3411089244319938,1.5481376565678123e-31
41,spearman,1106,0.35267892983699173,9.72394867306417e-34
42,spearman,1106,0.3409088035636835,1.6868872083000938e-31
43,spearman,1106,0.33771431568843036,6.583167471034555e-31
44,spearman,1106,0.33417683821118377,2.9188960183735147e-30
45,spearman,1106,0.3425719419597372,8.250176221146235e-32
