mes_ref,casos,temp_media,temp_min,temp_max,n_dias_com_casos
2020-01-01,4,27.826388888888886,23.466666666666665,34.733333333333334,3
2020-02-01,1,22.8125,21.4,25.7,1
2020-04-01,2,23.914583333333333,21,27.85,2
2020-06-01,2,20.933333333333334,17.65,26.549999999999997,2
2020-07-01,1,21.845833333333335,17.1,29.3,1
2020-09-01,1,21.258333333333333,19.7,22.8,1
2021-03-01,1,26.59583333333333,21.8,33.3,1
2021-05-01,11,23.122222222222224,19.3,29.466666666666665,3
2021-06-01,15,21.104761904761904,16.92857142857143,26.785714285714285,7
2021-07-01,5,19.707291666666666,14.725,26.85,4
2021-08-01,18,20.725520833333334,16.75,26.35,8
2021-09-01,11,23.636272141706925,20.666666666666668,28.58888888888889,9
2021-10-01,8,22.985833333333332,19.54,28.32,5
2021-11-01,6,23.335416666666667,20.2,27.375,4
2021-12-01,7,23.573611111111113,20.233333333333334,28,6
2022-01-01,4,26.683333333333334,22.9,31.975,4
2022-02-01,9,26.373333333333335,23.1,31.580000000000002,5
2022-03-01,9,25.62037037037037,21.544444444444444,31.07777777777778,9
2022-04-01,61,24.777083333333334,20.233333333333334,31.166666666666668,12
2022-05-01,311,22.161050724637683,18.234782608695653,27.617391304347827,23
2022-06-01,176,20.946401515151514,16.336363636363636,27.595454545454544,22
2022-07-01,147,21.87365424430642,17.442857142857143,28.442857142857143,21
2022-08-01,76,21.675189393939394,17.554545454545455,27.445454545454545,22
2022-09-01,61,21.860625,18.065,27.59,20
2022-10-01,55,24.40298207227555,21.09090909090909,29.37272727272727,22
2022-11-01,106,22.968008459884892,20.126315789473683,26.721052631578946,19
2022-12-01,119,24.452639751552795,21.938095238095237,28.376190476190477,21
2023-01-01,268,25.93695652173913,22.67391304347826,31.09130434782609,23
2023-02-01,454,26.950462962962963,23.06111111111111,33.083333333333336,18
2023-03-01,1484,26.762179487179488,22.56153846153846,32.71153846153846,26
2023-04-01,1163,24.49265873015873,21.276190476190475,29.4,21
2023-05-01,1388,22.16235119047619,18.710714285714285,27.1,28
2023-06-01,743,21.600641025641025,17.26923076923077,27.853846153846153,26
2023-07-01,476,20.894683908045977,17.306896551724137,26.17241379310345,29
2023-08-01,748,22.181,18.5,27.588,25
2023-09-01,277,23.84780701754386,20.321052631578947,29.16842105263158,19
2023-10-01,399,24.331277056277056,21.523809523809522,28.909523809523808,21
2023-11-01,545,25.813194444444445,21.858333333333334,31.6125,24
2023-12-01,620,26.577472527472526,22.703846153846154,32.17307692307693,26
2024-01-01,887,26.644345238095237,23.207142857142856,31.742857142857144,28
2024-02-01,3888,27.017097701149424,23.520689655172415,32.70344827586207,29
2024-03-01,5667,26.561021505376345,23.34193548387097,31.538709677419355,31
2024-04-01,5343,25.349305555555556,21.653333333333332,30.526666666666667,30
2024-05-01,3582,24.758467741935483,20.88064516129032,30.529032258064515,31
2024-06-01,2899,22.922361111111112,18.52,29.37,30
2024-07-01,1696,22.013709677419357,17.548387096774192,28.325806451612902,31
2024-08-01,966,21.684408602150537,17.170967741935485,28.20967741935484,31
2024-09-01,795,24.37236111111111,20.52,30.223333333333333,30
2024-10-01,383,24.22543103448276,21.055172413793102,28.86551724137931,29
2024-11-01,441,24.672376543209875,21.29259259259259,29.525925925925925,27
2024-12-01,355,26.170352564102565,22.78076923076923,31.27307692307692,26
2025-01-01,321,26.3405,22.992,31.32,25
2025-02-01,280,27.6856884057971,23.256521739130434,33.75217391304348,23
2025-03-01,224,26.577083333333334,23.177272727272726,31.795454545454547,22
2025-04-01,187,24.66842105263158,21.594736842105263,29.36842105263158,19
2025-05-01,160,22.705833333333334,19.175,27.84,20
2025-06-01,54,21.41622807017544,17.49473684210526,27.373684210526317,19
2025-07-01,31,20.099561403508773,15.731578947368421,25.94736842105263,19
2025-08-01,32,20.294047619047618,15.942857142857143,25.7,7
2025-09-01,36,21.837087912087913,18.476923076923075,26.584615384615386,13
2025-10-01,42,22.925,19.53125,27.76875,16
2025-11-01,44,23.8375,19.78125,29.25,16
2025-12-01,38,26.067995169082124,22.08,32.053333333333335,15
