mes_ref,casos,temp_media,temp_min,temp_max,n_dias
2020-01-01,4,25.997743055555556,22.570833333333333,30.908333333333335,24
2020-02-01,1,26.017097701149424,22.86551724137931,30.586206896551722,29
2020-03-01,0,24.7994623655914,21.43225806451613,29.387096774193548,31
2020-04-01,2,23.518194444444443,20.06,28.196666666666665,30
2020-05-01,0,21.63279569892473,17.338709677419356,27.25483870967742,31
2020-06-01,2,21.92361111111111,17.773333333333333,28.043333333333333,30
2020-07-01,1,21.407123655913978,17.461290322580645,27.061290322580646,31
2020-08-01,0,21.331989247311828,17.135483870967743,26.967741935483872,31
2020-09-01,1,23.68611111111111,19.686666666666667,29.64666666666667,30
2020-10-01,0,23.859524568465662,20.86774193548387,28.454838709677418,31
2020-11-01,0,23.989305555555557,20.946666666666665,28.476666666666667,30
2020-12-01,0,25.678225806451614,22.10967741935484,31.225806451612904,31
2021-01-01,0,26.513709677419353,22.206451612903226,32.24193548387097,31
2021-02-01,0,25.47127976190476,21.99642857142857,30.90357142857143,28
2021-03-01,1,26.043145161290322,22.04193548387097,32.26451612903226,31
2021-04-01,0,23.64388888888889,19.226666666666667,29.753333333333334,30
2021-05-01,11,22.629166666666666,18.461290322580645,28.97741935483871,31
2021-06-01,15,21.021944444444443,17.213333333333335,26.41,30
2021-07-01,5,19.79260752688172,14.86774193548387,26.593548387096774,31
2021-08-01,18,20.95994623655914,16.941935483870967,26.63225806451613,31
2021-09-01,11,23.026020531400967,19.83,28.10333333333333,30
2021-10-01,8,22.343145161290323,19.89677419354839,25.97741935483871,31
2021-11-01,6,23.00138888888889,19.816666666666666,27.43,30
2021-12-01,7,24.661155913978494,21.40967741935484,29.40967741935484,31
2022-01-01,4,26.243350311262027,22.796774193548387,31.55483870967742,31
2022-02-01,9,25.64047619047619,22.525,30.696428571428573,28
2022-03-01,9,26.5678955453149,22.174193548387098,32.84516129032258,31
2022-04-01,61,24.869722222222222,20.746666666666666,30.716666666666665,30
2022-05-01,311,22.271102150537633,18.364516129032257,27.796774193548387,31
2022-06-01,176,20.74263888888889,16.533333333333335,26.836666666666666,30
2022-07-01,147,21.76347007947639,17.338709677419356,28.2,31
2022-08-01,76,21.33817204301075,17.31935483870968,26.93225806451613,31
2022-09-01,61,21.432222222222222,17.736666666666668,26.773333333333333,30
2022-10-01,55,24.425906631937487,21.106451612903225,29.538709677419355,31
2022-11-01,106,23.124322024593763,19.85333333333333,27.393333333333334,30
2022-12-01,119,24.535121552127162,21.848387096774193,28.648387096774194,31
2023-01-01,268,25.822849462365593,22.741935483870968,30.706451612903226,31
2023-02-01,454,27.13169642857143,23.12142857142857,33.225,28
2023-03-01,1484,26.793817204301074,22.6,32.73870967741936,31
2023-04-01,1163,24.415,21.253333333333334,29.266666666666666,30
2023-05-01,1388,22.079569892473117,18.587096774193547,26.948387096774194,31
2023-06-01,743,21.55847222222222,17.326666666666668,27.71,30
2023-07-01,476,20.816129032258065,17.33225806451613,25.96451612903226,31
2023-08-01,748,22.11034946236559,18.451612903225808,27.351612903225806,31
2023-09-01,277,23.538888888888888,19.856666666666666,28.916666666666668,30
2023-10-01,399,24.187871881507927,21.496774193548386,28.57741935483871,31
2023-11-01,545,25.96013888888889,22.116666666666667,31.743333333333332,30
2023-12-01,620,26.574519969278033,22.751612903225805,32.18709677419355,31
2024-01-01,887,26.50013440860215,23.206451612903226,31.451612903225808,31
2024-02-01,3888,27.017097701149424,23.520689655172415,32.70344827586207,29
2024-03-01,5667,26.561021505376345,23.34193548387097,31.538709677419355,31
2024-04-01,5343,25.349305555555556,21.653333333333332,30.526666666666667,30
2024-05-01,3582,24.758467741935483,20.88064516129032,30.529032258064515,31
2024-06-01,2899,22.922361111111112,18.52,29.37,30
2024-07-01,1696,22.013709677419357,17.548387096774192,28.325806451612902,31
2024-08-01,966,21.684408602150537,17.170967741935485,28.20967741935484,31
2024-09-01,795,24.37236111111111,20.52,30.223333333333333,30
2024-10-01,383,24.088575268817205,21.025806451612905,28.60322580645161,31
2024-11-01,441,24.721527777777776,21.423333333333332,29.413333333333334,30
2024-12-01,355,26.06209677419355,22.874193548387098,30.967741935483872,31
2025-01-01,321,26.490591397849464,23.03548387096774,31.732258064516127,31
2025-02-01,280,27.696279761904762,23.357142857142858,33.778571428571425,28
2025-03-01,224,26.58790322580645,23.241935483870968,31.76774193548387,31
2025-04-01,187,24.37361111111111,21.406666666666666,28.82,30
2025-05-01,160,22.684677419354838,19.303225806451614,27.548387096774192,31
2025-06-01,54,21.54861111111111,17.653333333333332,27.436666666666667,30
2025-07-01,31,20.09704301075269,16.03548387096774,25.65806451612903,31
2025-08-01,32,21.009139784946235,17.032258064516128,26.519354838709678,31
2025-09-01,36,21.90968253968254,18.596666666666668,26.5,30
2025-10-01,42,22.74959677419355,19.267741935483873,27.54516129032258,31
2025-11-01,44,23.970277777777778,20.023333333333333,29.393333333333334,30
2025-12-01,38,25.84830314009662,22.133333333333333,31.566666666666666,30
