lag_dias,metodo,n,estimativa,p_valor,estatistica
0,pearson,2184,0.16343488748416213,1.527532884023424e-14,7.738400905799318
0,spearman,2184,0.11816138962812002,3.053862731654126e-8,1531072198.9746323
0,kendall,2184,0.0855188957096453,3.3700758671866025e-8,5.521035547162149
1,pearson,2183,0.15982354118086173,5.848789127066809e-14,7.561141537233268
1,spearman,2183,0.09742046220466788,5.115879581475286e-6,1564931560.1402147
1,kendall,2183,0.07029492532836672,5.704576880746855e-6,4.537053019202159
2,pearson,2182,0.15950130569879437,6.662122362226485e-14,7.5437684018147495
2,spearman,2182,0.0854322779476742,6.44972383718148e-5,1583539011.141447
2,kendall,2182,0.06143850416670827,7.348049260037451e-5,3.9647253784269902
3,pearson,2181,0.16636664219543754,5.298428159455184e-15,7.87571113786833
3,spearman,2181,0.08767641957635215,4.128960989452708e-5,1577482518.2902126
3,kendall,2181,0.0629664180751684,4.860374645305838e-5,4.062241546906268
4,pearson,2180,0.16372359104152795,1.4496125163932416e-14,7.745337689726553
4,spearman,2180,0.09729129457614405,5.344991452435983e-6,1558711608.1176379
4,kendall,2180,0.06972778352217372,6.871039660464135e-6,4.497644698538228
5,pearson,2179,0.17217527177190964,5.821489247861532e-16,8.155198126220803
5,spearman,2179,0.11518535556295305,6.979667647073243e-8,1525712311.9680831
5,kendall,2179,0.08316104616901501,8.177254519389696e-8,5.363173162716388
6,pearson,2178,0.18241383043022708,9.464455799347641e-18,8.654374609042327
6,spearman,2178,0.13201258970626792,6.231979203044714e-10,1494636935.4400578
6,kendall,2178,0.09568089125208609,6.850824174081649e-10,6.169495463525518
7,pearson,2177,0.17726670821284712,7.929418326885473e-17,8.400204203934612
7,spearman,2177,0.13219300532079756,5.957456393838984e-10,1492268911.4864619
7,kendall,2177,0.09625535926895355,5.454796046161336e-10,6.2054288090675165
8,pearson,2176,0.16578720876394584,7.079580552509565e-15,7.838495697585024
8,spearman,2176,0.12358900584554369,7.294217697026368e-9,1504988383.9955294
8,kendall,2176,0.08966298785059298,7.496793454781075e-9,5.779399018441515
9,pearson,2175,0.1762992746136652,1.2084279687233685e-16,8.349043998237734
9,spearman,2175,0.1173462774961136,4.0538071706767846e-8,1513619795.2202566
9,kendall,2175,0.08476982209259169,4.68090669776784e-8,5.463024233686739
10,pearson,2174,0.18203690986512133,1.1851367495417274e-17,8.627937543623213
10,spearman,2174,0.12260906153245334,9.742399646938356e-9,1502520554.1087
10,kendall,2174,0.08818727311981062,1.3293447427575962e-8,5.682249582141594
11,pearson,2173,0.1819510006292574,1.249193380172456e-17,8.62174085047375
11,spearman,2173,0.12744523653457704,2.494385307450222e-9,1492177648.5571444
11,kendall,2173,0.09172308928324856,3.441509510179689e-9,5.90901902906929
12,pearson,2172,0.1846808069036933,4.071312495687552e-18,8.753608539037552
12,spearman,2172,0.1298999960801882,1.2304172905398752e-9,1485926373.2187176
12,kendall,2172,0.0940251327300612,1.393403225448104e-9,6.056239702156486
13,pearson,2171,0.19694755897526278,2.0036611487830996e-20,9.355583159161746
13,spearman,2171,0.138621096164063,8.783643037535887e-11,1469001905.122961
13,kendall,2171,0.10067670608303902,8.961053979463206e-11,6.483514031596378
14,pearson,2170,0.1970080844958922,1.9893161240365873e-20,9.356416779213628
14,spearman,2170,0.13564926767186986,2.228736808602877e-10,1472034074.8444939
14,kendall,2170,0.09883502872580435,1.9685016760857055e-10,6.363778340317373
15,pearson,2169,0.18902915229248698,6.767743667158902e-19,8.961059679780785
15,spearman,2169,0.12441345430574141,6.1176990955948255e-9,1489108672.3472145
15,kendall,2169,0.0906730468119306,5.308421025317257e-9,5.837203608917473
16,pearson,2168,0.1915471962705724,2.318290239288911e-19,9.082848395581244
16,spearman,2168,0.1239186144001202,7.086195950526903e-9,1487890406.753257
16,kendall,2168,0.0896216827953164,7.99864754868742e-9,5.768486802728187
17,pearson,2167,0.20302785692927056,1.3573475660945776e-21,9.647730604372772
17,spearman,2167,0.1256329870871107,4.404543121384987e-9,1482924894.0295093
17,kendall,2167,0.09090919345352018,4.906624011187236e-9,5.850308394131069
18,pearson,2166,0.2014313006289771,2.8950925306817383e-21,9.56643163397634
18,spearman,2166,0.1279281458599991,2.3017115292731075e-9,1476985677.4215748
18,kendall,2166,0.092147961984030885,3.04847397962714e-9,5.928966429068002
19,pearson,2165,0.2129561095558004,1.268452430702171e-23,10.136694192528372
19,spearman,2165,0.14233161519079987,2.8776742492183056e-11,1450580251.299243
19,kendall,2165,0.10302681874120809,3.408591517580919e-11,6.627742602596993
20,pearson,2164,0.2245568508545893,3.874299792633356e-26,10.714938831441637
20,spearman,2164,0.1490215241930244,3.232300157429651e-12,1437272121.0400546
20,kendall,2164,0.10845091185535846,3.049497856008569e-12,6.975423960023094
21,pearson,2163,0.22527580996538932,2.7435624037528687e-26,10.748588959886943
21,spearman,2163,0.14949361336486822,2.789500232593923e-12,1434484283.1325853
21,kendall,2163,0.10927536951872104,2.115026397400667e-12,7.026682004660829
22,pearson,2162,0.21494848884420925,5.137795938586e-24,10.229001970265946
22,spearman,2162,0.14391411234772056,1.7829859053560876e-11,1441893099.5486023
22,kendall,2162,0.10488497960748751,1.549748612671262e-11,6.743163296611582
23,pearson,2161,0.2128612895869377,1.4588077056790685e-23,10.122593736791544
23,spearman,2161,0.14391527130087756,1.801465836346957e-11,1439891298.5148191
23,kendall,2161,0.10411175671413561,2.197637756305844e-11,6.6922508107618075
24,pearson,2160,0.22289487383760018,1.0081864632156881e-25,10.62163447031913
24,spearman,2160,0.14254276626746915,2.8337175667206745e-11,1440198580.4082944
24,kendall,2160,0.10266031852008724,4.1739255964876386e-11,6.597768417597882
25,pearson,2159,0.2218168844364671,1.7905825940499015e-25,10.565151051671155
25,spearman,2159,0.14182026141320994,3.607808609892795e-11,1439411076.0014265
25,kendall,2159,0.10237062608251592,4.769224726961373e-11,6.577967488268263
26,pearson,2158,0.22834800155386997,6.334896116402181e-27,10.890558166762453
26,spearman,2158,0.14522831482151025,1.214018597742545e-11,1431703560.0394871
26,kendall,2158,0.1055984798134989,1.1676613675486569e-11,6.784157196193131
27,pearson,2157,0.24056491339123864,9.003355262971887e-30,11.505376807283515
27,spearman,2157,0.16307974763972688,2.523528666783794e-14,1399855374.1201155
27,kendall,2157,0.11870412983350984,2.444947108436541e-14,7.624756892846072
28,pearson,2156,0.23664289899099963,7.993702670457164e-29,11.30395181290617
28,spearman,2156,0.1611812115465486,5.1121107381494387e-14,1401080456.733928
28,kendall,2156,0.11735026891124332,4.82986041328327e-14,7.536437026836899
29,pearson,2155,0.22902960878669848,4.8068148905258344e-27,10.917259251298066
29,spearman,2155,0.14791567073896517,5.180395685802029e-12,1421258443.6444466
29,kendall,2155,0.10729002461680728,5.6141384299305894e-12,6.889112867573752
30,pearson,2154,0.23785006894524105,4.3870071105733937e-29,11.359786919684494
30,spearman,2154,0.14665750127323024,7.940762556839985e-12,1421376490.9413466
30,kendall,2154,0.10560704190691768,1.2031656789269215e-11,6.77983096729061
31,pearson,2153,0.24487225786412212,9.145369748143428e-31,11.713513532359237
31,spearman,2153,0.15853576428806085,1.3753244268681484e-13,1399640199.5842946
31,kendall,2153,0.1140847029855338,2.429120546632941e-13,7.322765511132634
32,pearson,2152,0.2323070319995799,9.238797354380055e-28,11.074607459117319
32,spearman,2152,0.1617913823433286,4.3231402629758505e-14,1392283185.862898
32,kendall,2152,0.11644005755663996,7.862475151245078e-14,7.472601378788171
33,pearson,2151,0.23643026285265867,1.0373429148746306e-28,11.280078082030075
33,spearman,2151,0.16567802960939476,1.050467214314066e-14,1383896359.998266
33,kendall,2151,0.11916455744832391,2.0721236445481435e-14,7.6460715700137065
34,pearson,2150,0.24457815526970159,1.1849933744091885e-30,11.690388575703352
34,spearman,2150,0.17183987778630086,1.0319170746435995e-15,1371760679.0102184
34,kendall,2150,0.12490363009329644,1.1206458570046988e-15,8.012867245844532
35,pearson,2149,0.24577179004652142,6.234475877781249e-31,11.748364781156281
35,spearman,2149,0.16995865761467702,2.1561813286648967e-15,1372959182.8318298
35,kendall,2149,0.12404875608875542,1.7684259588592643e-15,7.956592038879066
36,pearson,2148,0.2396479318842784,1.9551996644368856e-29,11.43489019016766
36,spearman,2148,0.16546357168109666,1.1868039505023833e-14,1378468306.6222947
36,kendall,2148,0.12073365212607469,9.743465928777045e-15,7.742560140780611
37,pearson,2147,0.2406572861727554,1.1553335028194712e-29,11.483329669896657
37,spearman,2147,0.16509518618158742,1.3796057136706492e-14,1377151608.776177
37,kendall,2147,0.11956729119692529,1.7769061698854193e-14,7.6658211779446335
38,pearson,2146,0.2512194440267072,3.0398479806001606e-32,12.017707213904531
38,spearman,2146,0.1668791153472275,7.207841562769909e-15,1372289782.2362416
38,kendall,2146,0.12106382700863774,8.468470123161551e-15,7.760365904846631
39,pearson,2145,0.2554621599198065,2.636118200429129e-33,12.231858939738931
39,spearman,2145,0.16959434628895712,2.6285426586750022e-15,1365906092.4295206
39,kendall,2145,0.12311170936986059,3.0167512807304396e-15,7.89021137883267
40,pearson,2144,0.25650707714635346,1.4712771620577684e-33,12.282540257272508
40,spearman,2144,0.17082095638923658,1.6714831695701449e-15,1361981835.6221452
40,kendall,2144,0.12481969054844842,1.2622165592319976e-15,7.998228810743317
41,pearson,2143,0.26262912195580473,3.873766655982275e-35,12.594192399796649
41,spearman,2143,0.17911174248310413,6.579633894146385e-17,1346477843.6545417
41,kendall,2143,0.1308040840350365,5.2845999060904607e-17,8.380181831780948
42,pearson,2142,0.26490259958897433,1.0024438349634187e-35,12.708436430604216
42,spearman,2142,0.18861801284220195,1.3248696847417602e-18,1329022754.0067666
42,kendall,2142,0.13817239852840627,8.701655065278066e-19,8.850642921198835
43,pearson,2141,0.25612763835684743,2.0401709322941706e-33,12.254504064234068
43,spearman,2141,0.18180004790081739,2.293181665658361e-17,1338314263.1255345
43,kendall,2141,0.13263250053306153,1.9921876209834725e-17,8.494247862092527
44,pearson,2140,0.25986550783701634,2.2856600303016234e-34,12.443285750390924
44,spearman,2140,0.1783625373154821,9.331524708579824e-17,1342054669.8818781
44,kendall,2140,0.12944283534393197,1.1471378587176647e-16,8.288470728082533
45,pearson,2139,0.2672334981591868,2.664227464237706e-36,12.81982308144397
45,spearman,2139,0.18067225487143956,3.7497649597130995e-17,1336406779.6170323
45,kendall,2139,0.1306786193045111,5.956288888448123e-17,8.366087665130824
