date,temp_media,temp_min,temp_max,temp_sd,n_obs,estacoes,ano,mes,dia_ano,mes_nome
2025-01-01,25.229166666666668,21,28.9,2.327805304623195,24,A607,2025,1,1,jan
2025-01-02,25.808333333333334,20.8,33.4,4.359788254398189,24,A607,2025,1,2,jan
2025-01-03,26.479166666666668,22.9,32.6,3.000721531589516,24,A607,2025,1,3,jan
2025-01-04,26.21666666666667,22.6,33.7,3.764902754869399,24,A607,2025,1,4,jan
2025-01-05,24.866666666666667,22.1,29.7,2.7702874857355844,24,A607,2025,1,5,jan
2025-01-06,25.65833333333333,21.8,31.2,3.286324320001281,24,A607,2025,1,6,jan
2025-01-07,26.7,22.7,32.8,2.713252500309321,24,A607,2025,1,7,jan
2025-01-08,24.945833333333333,22.5,29.7,2.313660597909477,24,A607,2025,1,8,jan
2025-01-09,24.733333333333334,22,29.3,2.2309418300967336,24,A607,2025,1,9,jan
2025-01-10,25.083333333333332,21.4,29.8,2.721678936223753,24,A607,2025,1,10,jan
2025-01-11,25.65,22.5,29.9,2.5174175864063204,24,A607,2025,1,11,jan
2025-01-12,24.5625,20.9,28.4,2.4167553706858973,24,A607,2025,1,12,jan
2025-01-13,24.420833333333334,22.7,27.2,1.4560157568027796,24,A607,2025,1,13,jan
2025-01-14,23.558333333333334,22.5,26.4,1.2541814121141936,24,A607,2025,1,14,jan
2025-01-15,24.4375,21.5,27.9,2.61081571460955,24,A607,2025,1,15,jan
2025-01-16,25.666666666666668,23.1,29.1,2.018968024525889,24,A607,2025,1,16,jan
2025-01-17,27.9,24.7,32.8,2.821038969877094,24,A607,2025,1,17,jan
2025-01-18,28.195833333333333,24.1,35.3,3.593046323672709,24,A607,2025,1,18,jan
2025-01-19,28.2375,23.7,35.6,4.049885935055026,24,A607,2025,1,19,jan
2025-01-20,28.7875,23.6,36.7,4.657328260036985,24,A607,2025,1,20,jan
2025-01-21,29.2875,24.2,37.7,4.670845049695062,24,A607,2025,1,21,jan
2025-01-22,28.708333333333332,25,35.1,3.527397940675826,24,A607,2025,1,22,jan
2025-01-23,28.279166666666665,25.2,33.4,2.825040079233454,24,A607,2025,1,23,jan
2025-01-24,27.5125,24.5,31.7,2.5095145035401294,24,A607,2025,1,24,jan
2025-01-25,27.704166666666666,24.4,32.8,3.0316417085921223,24,A607,2025,1,25,jan
2025-01-26,27.904166666666665,23,35.4,4.236741894906742,24,A607,2025,1,26,jan
2025-01-27,26.575,23.4,32.2,3.2508527309401254,24,A607,2025,1,27,jan
2025-01-28,26.65,24.1,30.2,1.9820937546377346,24,A607,2025,1,28,jan
2025-01-29,26.6125,23.3,29.9,2.160779348129824,24,A607,2025,1,29,jan
2025-01-30,27.329166666666666,24.5,31.9,2.62818819501302,24,A607,2025,1,30,jan
2025-01-31,27.508333333333333,23.4,33,3.4051006071667747,24,A607,2025,1,31,jan
2025-02-01,27.820833333333333,23.4,34.6,3.470118299783561,24,A607,2025,2,32,fev
2025-02-02,27.85,23.7,34.1,3.305989294808939,24,A607,2025,2,33,fev
2025-02-03,27.945833333333333,23.2,35.4,4.243458307300439,24,A607,2025,2,34,fev
2025-02-04,27.75,23.7,35,3.3762598292759707,24,A607,2025,2,35,fev
2025-02-05,27.483333333333334,22.7,33.8,3.828005118649372,24,A607,2025,2,36,fev
2025-02-06,27.22083333333333,22.6,33.8,3.6300651768812355,24,A607,2025,2,37,fev
2025-02-07,27.316666666666666,22.7,33.5,3.789191340443599,24,A607,2025,2,38,fev
2025-02-08,27.391666666666666,23.2,32.4,3.3428595760108646,24,A607,2025,2,39,fev
2025-02-09,27.379166666666666,24.3,32.4,2.859306569427457,24,A607,2025,2,40,fev
2025-02-10,27.266666666666666,23.4,33.8,3.3874020655397836,24,A607,2025,2,41,fev
2025-02-11,27.083333333333332,23.7,32.5,2.996616449418833,24,A607,2025,2,42,fev
2025-02-12,27.6875,22.9,33.6,3.5533587907291566,24,A607,2025,2,43,fev
2025-02-13,27.7625,23.3,33.4,3.321447104736912,24,A607,2025,2,44,fev
2025-02-14,27.841666666666665,22.8,36.3,4.194190253679245,24,A607,2025,2,45,fev
2025-02-15,27.958333333333332,23.5,35.4,4.0405463111754605,24,A607,2025,2,46,fev
2025-02-16,27.754166666666666,22.5,34,3.881279390889675,24,A607,2025,2,47,fev
2025-02-17,28.5625,23.1,36.5,4.606027478254421,24,A607,2025,2,48,fev
2025-02-18,28.1,22.7,35.5,4.385053665825986,24,A607,2025,2,49,fev
2025-02-19,27.141666666666666,22.2,33.1,3.9190634048219346,24,A607,2025,2,50,fev
2025-02-20,28.1625,24.1,32.9,2.9780081612876166,24,A607,2025,2,51,fev
2025-02-21,28.029166666666665,24.2,33,3.1202674309391667,24,A607,2025,2,52,fev
2025-02-22,27.420833333333334,23,32.8,3.5678490861370906,24,A607,2025,2,53,fev
2025-02-23,27.716666666666665,24.2,33,3.0558093877879147,24,A607,2025,2,54,fev
2025-02-24,27.833333333333332,24.1,32.9,3.124470969713066,24,A607,2025,2,55,fev
2025-02-25,28.1625,24.6,33.7,2.6499897456733517,24,A607,2025,2,56,fev
2025-02-26,27.295833333333334,22.9,33,3.464412763673152,24,A607,2025,2,57,fev
2025-02-27,28.0125,24.1,32.5,3.096605785582715,24,A607,2025,2,58,fev
2025-02-28,27.545833333333334,23.2,32.9,3.1433821672325117,24,A607,2025,2,59,fev
2025-03-01,26.954166666666666,23.7,31.8,2.776763703786598,24,A607,2025,3,60,mar
2025-03-02,27.108333333333334,23.7,32.7,3.2116522453291134,24,A607,2025,3,61,mar
2025-03-03,26.4,23.3,30.5,2.2253480431257215,24,A607,2025,3,62,mar
2025-03-04,25.879166666666666,22.3,30.9,2.915025418140603,24,A607,2025,3,63,mar
2025-03-05,26.5,22.7,31.6,3.174490715744468,24,A607,2025,3,64,mar
2025-03-06,26.65416666666667,22.8,31.7,3.1788676089705774,24,A607,2025,3,65,mar
2025-03-07,26.620833333333334,24.4,29.8,1.7776337879490172,24,A607,2025,3,66,mar
2025-03-08,27.05,23.2,32.9,3.1626901042707574,24,A607,2025,3,67,mar
2025-03-09,27.28333333333333,23.7,32.8,3.2934277989150855,24,A607,2025,3,68,mar
2025-03-10,27.783333333333335,23.3,35.1,3.7790804801382993,24,A607,2025,3,69,mar
2025-03-11,27.829166666666666,24.2,34.1,3.222405146398608,24,A607,2025,3,70,mar
2025-03-12,27.945833333333333,24,33.5,3.1189434061897456,24,A607,2025,3,71,mar
2025-03-13,28.1,23.5,35.3,3.589477375062692,24,A607,2025,3,72,mar
2025-03-14,27.991666666666667,24.2,34.1,3.294912635467339,24,A607,2025,3,73,mar
2025-03-15,27.354166666666668,25.3,31,1.8756979377349616,24,A607,2025,3,74,mar
2025-03-16,25.625,24.1,30.7,1.7637041061110685,24,A607,2025,3,75,mar
2025-03-17,24.954166666666666,22.6,29.9,2.1388699101987534,24,A607,2025,3,76,mar
2025-03-18,25.9,21.7,32.4,3.693707928473713,24,A607,2025,3,77,mar
2025-03-19,25.275,23.5,28.1,1.299247273716928,24,A607,2025,3,78,mar
2025-03-20,25.333333333333332,22.5,29,2.4316154348885854,24,A607,2025,3,79,mar
2025-03-21,25.34166666666667,22.1,29.5,2.389636440724944,24,A607,2025,3,80,mar
2025-03-22,25.983333333333334,22.6,30,2.5873717849631097,24,A607,2025,3,81,mar
2025-03-23,26.145833333333332,23.1,30.4,2.2378132118240996,24,A607,2025,3,82,mar
2025-03-24,26.783333333333335,22.5,33.1,3.1325315039418844,24,A607,2025,3,83,mar
2025-03-25,26,22.6,33.5,3.819628937133986,24,A607,2025,3,84,mar
2025-03-26,26.391666666666666,23.6,30.9,2.6133298210564977,24,A607,2025,3,85,mar
2025-03-27,26.179166666666667,23.5,31.5,2.537540604372781,24,A607,2025,3,86,mar
2025-03-28,26.170833333333334,21.4,32.3,3.3383775240007862,24,A607,2025,3,87,mar
2025-03-29,26.383333333333333,22.3,31.9,3.383806278074475,24,A607,2025,3,88,mar
2025-03-30,26.9875,23.6,32.5,2.9459349294741135,24,A607,2025,3,89,mar
2025-03-31,27.316666666666666,24.5,31.3,2.3254109812856862,24,A607,2025,3,90,mar
2025-04-01,27.1875,24.4,32.2,2.690128896216847,24,A607,2025,4,91,abr
2025-04-02,27.104166666666668,24.2,31,2.3621064966358474,24,A607,2025,4,92,abr
2025-04-03,27.216666666666665,22.7,33.9,3.60828354552792,24,A607,2025,4,93,abr
2025-04-04,26.258333333333333,24.1,32.4,2.3132729808775205,24,A607,2025,4,94,abr
2025-04-05,24.241666666666667,21.9,27.8,1.7064880454533993,24,A607,2025,4,95,abr
2025-04-06,21.879166666666666,20.8,24,0.7956289099315337,24,A607,2025,4,96,abr
2025-04-07,22.95,19.6,26.9,2.4314962292883524,24,A607,2025,4,97,abr
2025-04-08,23.220833333333335,18.4,28.1,3.2742711325232925,24,A607,2025,4,98,abr
2025-04-09,25.020833333333332,20.8,31.6,3.630903488792774,24,A607,2025,4,99,abr
2025-04-10,25.045833333333334,21.5,30.9,2.866292737661493,24,A607,2025,4,100,abr
2025-04-11,23.366666666666667,19.1,27.8,3.017725412735007,24,A607,2025,4,101,abr
2025-04-12,23.979166666666668,20.6,28.3,2.487880041611588,24,A607,2025,4,102,abr
2025-04-13,24.366666666666667,21,29.7,2.8819779842062077,24,A607,2025,4,103,abr
2025-04-14,24.895833333333332,22.3,31.5,3.0061500970172967,24,A607,2025,4,104,abr
2025-04-15,24.608333333333334,20.6,29.2,2.725231010019337,24,A607,2025,4,105,abr
2025-04-16,23.1125,21.4,25.3,1.2871648994052278,24,A607,2025,4,106,abr
2025-04-17,24.53333333333333,22.2,29.1,2.3698590430778728,24,A607,2025,4,107,abr
2025-04-18,24.683333333333334,21.2,28.7,2.536801592328533,24,A607,2025,4,108,abr
2025-04-19,25.683333333333334,23.5,29.7,2.055462852068089,24,A607,2025,4,109,abr
2025-04-20,24.6875,20.7,30.4,2.929358514137153,24,A607,2025,4,110,abr
2025-04-21,22.341666666666665,20.7,24.3,1.0025691634676543,24,A607,2025,4,111,abr
2025-04-22,23.1875,20.8,26.9,2.3279609476778265,24,A607,2025,4,112,abr
2025-04-23,23.166666666666668,19.4,28.3,2.7815645685972066,24,A607,2025,4,113,abr
2025-04-24,24.041666666666668,21.8,28,2.070059160395237,24,A607,2025,4,114,abr
2025-04-25,24.229166666666668,22.3,28,1.8005987329500843,24,A607,2025,4,115,abr
2025-04-26,23.0875,20.9,26.2,1.8288301083527116,24,A607,2025,4,116,abr
2025-04-27,24.391666666666666,21.2,29.2,2.7036073593669605,24,A607,2025,4,117,abr
2025-04-28,26.333333333333332,21.9,32.8,4.040734615374295,24,A607,2025,4,118,abr
2025-04-29,23.291666666666668,21.4,25.6,1.2710545661555712,24,A607,2025,4,119,abr
2025-04-30,23.095833333333335,20.8,26.8,1.9411962171875328,24,A607,2025,4,120,abr
2025-05-01,23.216666666666665,19.9,27.3,2.2833359779948714,24,A607,2025,5,121,mai
2025-05-02,22.241666666666667,17.6,27.9,3.4333298156728844,24,A607,2025,5,122,mai
2025-05-03,21.354166666666668,16.2,28.4,4.23925538648995,24,A607,2025,5,123,mai
2025-05-04,22.108333333333334,18.7,26.4,2.6792141395933813,24,A607,2025,5,124,mai
2025-05-05,22.55,18,27.8,3.2212608927453292,24,A607,2025,5,125,mai
2025-05-06,23.3,18.5,28.3,3.1426933892969,24,A607,2025,5,126,mai
2025-05-07,23.520833333333332,21,27.8,2.4530334666297966,24,A607,2025,5,127,mai
2025-05-08,23.2625,21,26.7,1.961989340927479,24,A607,2025,5,128,mai
2025-05-09,25.745833333333334,21.9,31.7,3.0931873481919085,24,A607,2025,5,129,mai
2025-05-10,26.59583333333333,22,33.6,4.096390687747771,24,A607,2025,5,130,mai
2025-05-11,23.920833333333334,19.7,27.5,2.087015586422635,24,A607,2025,5,131,mai
2025-05-12,21.7625,19.8,24.9,1.4475804400567114,24,A607,2025,5,132,mai
2025-05-13,21.233333333333334,19.1,25.6,1.724167515988051,24,A607,2025,5,133,mai
2025-05-14,20.195833333333333,17.9,23.7,1.5083763705926712,24,A607,2025,5,134,mai
2025-05-15,20.90833333333333,17.4,25.3,2.681971479060274,24,A607,2025,5,135,mai
2025-05-16,22.079166666666666,18,27.3,3.1511183889929106,24,A607,2025,5,136,mai
2025-05-17,22.179166666666667,19,27,2.7596438281001068,24,A607,2025,5,137,mai
2025-05-18,22.645833333333332,19.5,27.2,3.010269259467125,24,A607,2025,5,138,mai
2025-05-19,22.758333333333333,18.5,29.1,3.492341517572747,24,A607,2025,5,139,mai
2025-05-20,23.104166666666668,18.3,30.1,4.113126301369129,24,A607,2025,5,140,mai
2025-05-21,23.445833333333333,17.6,30.9,4.774750543601539,24,A607,2025,5,141,mai
2025-05-22,22.5,17.2,30.2,4.296813784148922,24,A607,2025,5,142,mai
2025-05-23,23.095833333333335,20.4,28.2,2.5211245190548817,24,A607,2025,5,143,mai
2025-05-24,21.383333333333333,20,23.8,0.886451973571764,24,A607,2025,5,144,mai
2025-05-25,22.008333333333333,18.9,26.4,2.736058203466005,24,A607,2025,5,145,mai
2025-05-26,21.020833333333332,18.4,23.8,1.926469888652314,24,A607,2025,5,146,mai
2025-05-27,23.083333333333332,20.7,28.4,2.5829990433546457,24,A607,2025,5,147,mai
2025-05-28,24.079166666666666,21,29.7,2.9272303524375873,24,A607,2025,5,148,mai
2025-05-29,25.041666666666668,22.9,29.5,1.9600170067289382,24,A607,2025,5,149,mai
2025-05-30,20.941666666666666,19.9,22.6,0.7563738819362832,24,A607,2025,5,150,mai
2025-05-31,21.941666666666666,19.4,26.9,2.4547941854162896,24,A607,2025,5,151,mai
2025-06-01,23.683333333333334,20.4,29.7,3.2771496982786026,24,A607,2025,6,152,jun
2025-06-02,22.020833333333332,19.6,25.2,1.6199783054550227,24,A607,2025,6,153,jun
2025-06-03,21.841666666666665,20,24.5,1.5219885923890226,24,A607,2025,6,154,jun
2025-06-04,23.495833333333334,18.9,30.4,4.224512234943628,24,A607,2025,6,155,jun
2025-06-05,24.3,19.3,32.2,4.807421798409839,24,A607,2025,6,156,jun
2025-06-06,23.641666666666666,19.4,29,2.8880438191705604,24,A607,2025,6,157,jun
2025-06-07,22.941666666666666,21.3,26,1.5466419913074134,24,A607,2025,6,158,jun
2025-06-08,23.395833333333332,20.4,27.6,2.4760556232191884,24,A607,2025,6,159,jun
2025-06-09,21.429166666666667,20.2,23.6,0.9134165041999888,24,A607,2025,6,160,jun
2025-06-10,20.425,19,23.1,1.268429360854699,24,A607,2025,6,161,jun
2025-06-11,20,17.2,24.3,2.300661530573515,24,A607,2025,6,162,jun
2025-06-12,18.395833333333332,15.3,22.3,2.2330480566231454,24,A607,2025,6,163,jun
2025-06-13,17.925,14.1,23.8,3.321504373675854,24,A607,2025,6,164,jun
2025-06-14,17.766666666666666,11.8,24,4.267232752301992,24,A607,2025,6,165,jun
2025-06-15,19.395833333333332,15.5,25.4,3.3754199953379924,24,A607,2025,6,166,jun
2025-06-16,20.420833333333334,15.5,27.8,4.183090096283272,24,A607,2025,6,167,jun
2025-06-17,20.279166666666665,16.2,26.9,3.7198619851287225,24,A607,2025,6,168,jun
2025-06-18,20.8875,16.6,27.3,3.7513258525718496,24,A607,2025,6,169,jun
2025-06-19,21.483333333333334,16.2,29.3,4.374000921121418,24,A607,2025,6,170,jun
2025-06-20,21.566666666666666,16.1,28.9,4.242811482420862,24,A607,2025,6,171,jun
2025-06-21,22.925,17.2,30.3,4.637957758961701,24,A607,2025,6,172,jun
2025-06-22,22.47083333333333,17.7,30.7,4.023569599104827,24,A607,2025,6,173,jun
2025-06-23,23.179166666666667,18.6,30.4,4.0020624212008995,24,A607,2025,6,174,jun
2025-06-24,22.716666666666665,19.3,29,2.9570353347592064,24,A607,2025,6,175,jun
2025-06-25,19.308333333333334,16.5,22.6,1.7898060780714344,24,A607,2025,6,176,jun
2025-06-26,19.283333333333335,13.7,28.1,5.243519119219762,24,A607,2025,6,177,jun
2025-06-27,22.741666666666667,17.7,31.7,4.9593930788096365,24,A607,2025,6,178,jun
2025-06-28,23.066666666666666,19.9,27.6,2.46923094287986,24,A607,2025,6,179,jun
2025-06-29,22.879166666666666,18.6,30.1,4.022218635731179,24,A607,2025,6,180,jun
2025-06-30,22.591666666666665,17.4,31.3,4.626099555937947,24,A607,2025,6,181,jun
2025-07-01,23.5,20.7,28.4,2.543021140639442,24,A607,2025,7,182,jul
2025-07-02,20.2,18.2,22.7,1.3227113129444779,24,A607,2025,7,183,jul
2025-07-03,19.270833333333332,17.2,22,1.4522783200339318,24,A607,2025,7,184,jul
2025-07-04,17.695833333333333,16,19.4,0.8569303998254044,24,A607,2025,7,185,jul
2025-07-05,17.4125,12.5,23.5,3.8872492230032187,24,A607,2025,7,186,jul
2025-07-06,17.7,12.9,23.4,3.6324623341055653,24,A607,2025,7,187,jul
2025-07-07,18.529166666666665,12.9,25,4.151843924211807,24,A607,2025,7,188,jul
2025-07-08,18.4375,13.6,24.4,3.825408474921338,24,A607,2025,7,189,jul
2025-07-09,19.170833333333334,15,24.4,3.135418863449565,24,A607,2025,7,190,jul
2025-07-10,20.079166666666666,15.2,24.7,2.8966215953532255,24,A607,2025,7,191,jul
2025-07-11,21.275,19,24.3,1.9825872424468596,24,A607,2025,7,192,jul
2025-07-12,20.15833333333333,17.8,23.8,1.9633415762234385,24,A607,2025,7,193,jul
2025-07-13,18.3375,13.4,24.1,3.6821322390819913,24,A607,2025,7,194,jul
2025-07-14,18.575,13.6,26,4.144168244024681,24,A607,2025,7,195,jul
2025-07-15,19.4875,13.7,27.2,4.256893386537631,24,A607,2025,7,196,jul
2025-07-16,19.795833333333334,15,26.1,3.7563255828080147,24,A607,2025,7,197,jul
2025-07-17,19.791666666666668,14.5,27.7,4.350004164582381,24,A607,2025,7,198,jul
2025-07-18,21.520833333333332,16.1,29.4,5.042944202733564,24,A607,2025,7,199,jul
2025-07-19,20.7,18.2,24.5,2.0872282431805185,24,A607,2025,7,200,jul
2025-07-20,19.604166666666668,14.4,26.6,4.121574115360028,24,A607,2025,7,201,jul
2025-07-21,20.420833333333334,16.9,26.2,3.1901995530696503,24,A607,2025,7,202,jul
2025-07-22,21.554166666666667,16.3,29.9,4.369556655121757,24,A607,2025,7,203,jul
2025-07-23,21.258333333333333,16.9,27.6,3.207181705602853,24,A607,2025,7,204,jul
2025-07-24,20.304166666666667,16.8,24.9,2.511794641056585,24,A607,2025,7,205,jul
2025-07-25,22.3,18.8,28.3,3.1139238492825148,24,A607,2025,7,206,jul
2025-07-26,20.958333333333332,17.3,27.3,3.401012210794165,24,A607,2025,7,207,jul
2025-07-27,22.683333333333334,19.6,28.7,3.2162179607443417,24,A607,2025,7,208,jul
2025-07-28,22.841666666666665,18.4,30.2,3.9117344831502385,24,A607,2025,7,209,jul
2025-07-29,22.7,18.1,26.6,2.257932875345327,24,A607,2025,7,210,jul
2025-07-30,19.225,16.1,24.4,2.6215246144844464,24,A607,2025,7,211,jul
2025-07-31,17.520833333333332,12,23.7,4.1858954853761885,24,A607,2025,7,212,jul
2025-08-01,17.704166666666666,12.9,23.4,3.8471309656244697,24,A607,2025,8,213,ago
2025-08-02,18.079166666666666,13.1,24.6,3.835416100850945,24,A607,2025,8,214,ago
2025-08-03,20.02916666666667,14.7,26.4,4.0990432782664605,24,A607,2025,8,215,ago
2025-08-04,21.391666666666666,15.6,29.1,4.330871653069659,24,A607,2025,8,216,ago
2025-08-05,20.3625,16.8,24.1,2.058030400755728,24,A607,2025,8,217,ago
2025-08-06,21.125,17.7,26,2.9942335885178855,24,A607,2025,8,218,ago
2025-08-07,20.545833333333334,15.4,27.5,4.04055303647653,24,A607,2025,8,219,ago
2025-08-08,22.795833333333334,19.2,30.2,3.719686658924339,24,A607,2025,8,220,ago
2025-08-09,21.916666666666668,18.8,25.8,2.0896570691543306,24,A607,2025,8,221,ago
2025-08-10,19.508333333333333,17.1,23.8,2.11411748813144,24,A607,2025,8,222,ago
2025-08-11,18.616666666666667,14.4,23.6,3.0162843059785915,24,A607,2025,8,223,ago
2025-08-12,19.05,15.8,22.7,2.48491098607086,24,A607,2025,8,224,ago
2025-08-13,19.3625,14.4,26,4.0488122251819245,24,A607,2025,8,225,ago
2025-08-14,20.558333333333334,15.5,27.1,3.9867079877651115,24,A607,2025,8,226,ago
2025-08-15,20.920833333333334,19,24.5,1.9065058333909244,24,A607,2025,8,227,ago
2025-08-16,19.829166666666666,16.7,24.2,2.3047171224453455,24,A607,2025,8,228,ago
2025-08-17,20.316666666666666,17.6,24.2,2.196373823149077,24,A607,2025,8,229,ago
2025-08-18,20.7125,18,24.2,1.8783231420836395,24,A607,2025,8,230,ago
2025-08-19,20.629166666666666,16.9,24.7,2.5893559996172066,24,A607,2025,8,231,ago
2025-08-20,20.6375,15.5,28.3,4.4231419582247975,24,A607,2025,8,232,ago
2025-08-21,22.275,17.3,30.8,4.331306660963219,24,A607,2025,8,233,ago
2025-08-22,22.5375,18.2,27.1,2.9594083574402092,24,A607,2025,8,234,ago
2025-08-23,23.1375,17.9,31,3.825294816714472,24,A607,2025,8,235,ago
2025-08-24,23.783333333333335,18.8,33.1,4.397594863071193,24,A607,2025,8,236,ago
2025-08-25,23.479166666666668,20,29.9,3.122147973913871,24,A607,2025,8,237,ago
2025-08-26,22.7375,18.3,28.1,3.174054121343458,24,A607,2025,8,238,ago
2025-08-27,21.65,17.4,28.2,3.538606947717531,24,A607,2025,8,239,ago
2025-08-28,22.379166666666666,18.5,27.8,3.3798609653249847,24,A607,2025,8,240,ago
2025-08-29,22.633333333333333,18.4,27.2,2.6718608833002784,24,A607,2025,8,241,ago
2025-08-30,20.883333333333333,19.4,21.9,0.6812180054978678,24,A607,2025,8,242,ago
2025-08-31,21.695833333333333,18.7,26.6,2.466026405350125,24,A607,2025,8,243,ago
2025-09-01,21.625,19.7,24.9,1.5537472235800165,24,A607,2025,9,244,set
2025-09-02,21.566666666666666,19.5,24.1,1.6724537211161816,24,A607,2025,9,245,set
2025-09-03,20.191666666666666,15.4,25.1,3.290158799744509,24,A607,2025,9,246,set
2025-09-04,21.133333333333333,16.7,26.5,3.2233747730501694,24,A607,2025,9,247,set
2025-09-05,22.433333333333334,17,29,3.976197294845445,24,A607,2025,9,248,set
2025-09-06,21.895833333333332,18.1,26.6,3.0094747724141335,24,A607,2025,9,249,set
2025-09-07,21.554166666666667,20.1,23.6,1.0878695440757298,24,A607,2025,9,250,set
2025-09-08,21.9,20.5,24.1,1.1135528725660047,24,A607,2025,9,251,set
2025-09-09,24.116666666666667,19.8,32.2,4.208445614802884,24,A607,2025,9,252,set
2025-09-10,23.1375,20.1,27.6,1.9870914947972707,24,A607,2025,9,253,set
2025-09-11,22.725,19.9,27.3,2.5023901617731656,24,A607,2025,9,254,set
2025-09-12,22.4375,20.4,24.9,1.2907067494374846,24,A607,2025,9,255,set
2025-09-13,19.7875,18.1,21.9,1.1276418256505574,24,A607,2025,9,256,set
2025-09-14,20.383333333333333,17.9,23.8,2.3872244510540153,24,A607,2025,9,257,set
2025-09-15,21.629166666666666,17.4,27.5,3.311308577096617,24,A607,2025,9,258,set
2025-09-16,23.15,18.5,30.1,3.5057716386850837,24,A607,2025,9,259,set
2025-09-17,23.320833333333333,20.7,27,1.991717451296017,24,A607,2025,9,260,set
2025-09-18,22.15714285714286,19,27.8,2.7882918478113856,21,A607,2025,9,261,set
2025-09-19,23.5375,19.3,28.2,2.898097201838535,24,A607,2025,9,262,set
2025-09-20,24.495833333333334,21,30.5,3.0316417085921223,24,A607,2025,9,263,set
2025-09-21,25.570833333333333,20.5,33.5,4.4968084495433045,24,A607,2025,9,264,set
2025-09-22,26.420833333333334,22.6,33.1,3.56845834045127,24,A607,2025,9,265,set
2025-09-23,22.21666666666667,21,23.4,0.5723078121815721,24,A607,2025,9,266,set
2025-09-24,21.095833333333335,19.5,23.7,1.3591810727073113,24,A607,2025,9,267,set
2025-09-25,18.716666666666665,17.5,20.7,0.9356079942158358,24,A607,2025,9,268,set
2025-09-26,19.079166666666666,15.6,23.7,2.699755088194461,24,A607,2025,9,269,set
2025-09-27,19.625,16.4,24.5,2.738176162275206,24,A607,2025,9,270,set
2025-09-28,18.5625,12.6,24.5,4.229689319457214,24,A607,2025,9,271,set
2025-09-29,20.691666666666666,15.6,28.7,4.53353846509465,24,A607,2025,9,272,set
2025-09-30,22.133333333333333,17.5,26.5,2.901373987353708,24,A607,2025,9,273,set
2025-10-01,22.908333333333335,18.6,27.9,2.8294901471384595,24,A607,2025,10,274,out
2025-10-02,22.916666666666668,20.1,27.3,2.454395642722357,24,A607,2025,10,275,out
2025-10-03,22.34583333333333,18.8,26.2,2.4632921002216714,24,A607,2025,10,276,out
2025-10-04,23.170833333333334,20.7,27.8,2.222900409798887,24,A607,2025,10,277,out
2025-10-05,23.229166666666668,19.3,28.4,2.861510571992211,24,A607,2025,10,278,out
2025-10-06,24.2625,19.3,30.3,3.4882177459955477,24,A607,2025,10,279,out
2025-10-07,25.208333333333332,20.4,33.6,4.307315987304943,24,A607,2025,10,280,out
2025-10-08,23.329166666666666,19.7,26.4,1.9073038486341114,24,A607,2025,10,281,out
2025-10-09,20.133333333333333,18.7,22.3,1.1969768682762445,24,A607,2025,10,282,out
2025-10-10,21.458333333333332,19.3,25.2,1.9392774689170387,24,A607,2025,10,283,out
2025-10-11,23.525,21,29.2,2.7190551427959706,24,A607,2025,10,284,out
2025-10-12,24.8125,22.5,29,2.1879735512271545,24,A607,2025,10,285,out
2025-10-13,24.304166666666667,21.6,27.9,2.0720666362179414,24,A607,2025,10,286,out
2025-10-14,24.5625,22.8,28.8,1.8513948912855573,24,A607,2025,10,287,out
2025-10-15,23.304166666666667,21,26.9,1.8385909459873522,24,A607,2025,10,288,out
2025-10-16,22.708333333333332,17,29.6,4.0752611723898635,24,A607,2025,10,289,out
2025-10-17,25.191666666666666,21.9,30.9,2.9886621504069946,24,A607,2025,10,290,out
2025-10-18,25.0875,21,32.3,3.4267886475215548,24,A607,2025,10,291,out
2025-10-19,20.983333333333334,17.8,23.7,1.4278797497374016,24,A607,2025,10,292,out
2025-10-20,19.108333333333334,16.5,23.4,2.1817258160071087,24,A607,2025,10,293,out
2025-10-21,18.570833333333333,15.4,22.4,2.26648150351974,24,A607,2025,10,294,out
2025-10-22,18.970833333333335,15.3,23.2,2.593885647753807,24,A607,2025,10,295,out
2025-10-23,20.220833333333335,15.9,25.8,3.1147585804509395,24,A607,2025,10,296,out
2025-10-24,20.325,15,24.9,3.4294441177137935,24,A607,2025,10,297,out
2025-10-25,21.616666666666667,18.2,24.9,1.8867194134071803,24,A607,2025,10,298,out
2025-10-26,23.066666666666666,18.2,28.6,4.053196984739509,24,A607,2025,10,299,out
2025-10-27,24.995833333333334,20.4,31.7,3.794444356030866,24,A607,2025,10,300,out
2025-10-28,24.616666666666667,20.7,30.3,3.1250275361105664,24,A607,2025,10,301,out
2025-10-29,25.604166666666668,21.1,32.9,3.4403588243931345,24,A607,2025,10,302,out
2025-10-30,23.604166666666668,19.7,28,2.400449082380513,24,A607,2025,10,303,out
2025-10-31,21.095833333333335,19.4,24.1,1.5875820188786047,24,A607,2025,10,304,out
2025-11-01,22.641666666666666,19.2,28.1,2.9344900551983426,24,A607,2025,11,305,nov
2025-11-02,25.258333333333333,22,30.4,2.887441573535248,24,A607,2025,11,306,nov
2025-11-03,25.6625,22.7,31.7,3.0322631094971606,24,A607,2025,11,307,nov
2025-11-04,24.729166666666668,22.5,29.9,2.560821737453525,24,A607,2025,11,308,nov
2025-11-05,26.004166666666666,21.2,33.9,4.458258498626981,24,A607,2025,11,309,nov
2025-11-06,24.554166666666667,22.1,27.1,1.1355822741876853,24,A607,2025,11,310,nov
2025-11-07,21.070833333333333,18.9,22.5,1.1929062671974024,24,A607,2025,11,311,nov
2025-11-08,22.204166666666666,19.4,26.4,2.2414046773254115,24,A607,2025,11,312,nov
2025-11-09,22.825,19.5,25.9,1.396968768129923,24,A607,2025,11,313,nov
2025-11-10,20.84166666666667,16.8,26.2,2.8012290263330866,24,A607,2025,11,314,nov
2025-11-11,21.379166666666666,16.8,25.9,3.009258057723035,24,A607,2025,11,315,nov
2025-11-12,21.4875,15.3,27.1,4.150150599677077,24,A607,2025,11,316,nov
2025-11-13,23.129166666666666,16.8,29.8,4.163451658197189,24,A607,2025,11,317,nov
2025-11-14,24.695833333333333,18.8,31.7,4.148596322766938,24,A607,2025,11,318,nov
2025-11-15,24.520833333333332,22.3,29.3,1.8916243690604089,24,A607,2025,11,319,nov
2025-11-16,24.120833333333334,21.2,29.6,2.4455779376816764,24,A607,2025,11,320,nov
2025-11-17,27.058333333333334,22.9,33.3,3.9546248837297444,24,A607,2025,11,321,nov
2025-11-18,27.829166666666666,23.4,34.9,3.9416923276426714,24,A607,2025,11,322,nov
2025-11-19,25.575,22.3,30,2.3594859425399166,24,A607,2025,11,323,nov
2025-11-20,22.2875,17.1,26.5,2.9491800629121068,24,A607,2025,11,324,nov
2025-11-21,22.175,16.7,27.8,3.8124795081416507,24,A607,2025,11,325,nov
2025-11-22,25.116666666666667,19.3,34.2,5.292050368377958,24,A607,2025,11,326,nov
2025-11-23,24.941666666666666,22,30.3,2.8729498045928588,24,A607,2025,11,327,nov
2025-11-24,22.354166666666668,21,25.3,1.3928323244590395,24,A607,2025,11,328,nov
2025-11-25,24.0875,20,31.3,3.776622887552133,24,A607,2025,11,329,nov
2025-11-26,23.154166666666665,19.5,27.2,2.4185836974248534,24,A607,2025,11,330,nov
2025-11-27,22.9,19.5,27.5,2.554790895893269,24,A607,2025,11,331,nov
2025-11-28,24.0125,20.5,28.4,2.522819764711184,24,A607,2025,11,332,nov
2025-11-29,26.516666666666666,21.2,34.6,4.014719294607377,24,A607,2025,11,333,nov
2025-11-30,25.975,19.8,35,4.794675488860353,24,A607,2025,11,334,nov
2025-12-01,24.991666666666667,19.8,30.7,3.7287271014518413,24,A607,2025,12,335,dez
2025-12-02,27.5625,23.1,33.7,3.3863938110441705,24,A607,2025,12,336,dez
2025-12-03,24.958333333333332,22.3,31.4,2.8100621479537278,24,A607,2025,12,337,dez
2025-12-04,24.170833333333334,22.3,27.9,1.5900448904427789,24,A607,2025,12,338,dez
2025-12-05,22.858333333333334,20.8,26.2,1.6486929386023041,24,A607,2025,12,339,dez
2025-12-06,23.770833333333332,19.9,28,2.744239685099566,24,A607,2025,12,340,dez
2025-12-07,25.541666666666668,21.5,31.6,3.3321773357823337,24,A607,2025,12,341,dez
2025-12-08,27.3375,23.5,34.2,3.503887592499161,24,A607,2025,12,342,dez
2025-12-09,26.575,22.9,31.9,3.144664217921885,24,A607,2025,12,343,dez
2025-12-10,25.879166666666666,23.1,29.9,2.345389402482104,24,A607,2025,12,344,dez
2025-12-11,28.975,24,36,4.396663754929759,24,A607,2025,12,345,dez
2025-12-12,26.8375,21.1,34.5,4.2452851084672645,24,A607,2025,12,346,dez
2025-12-13,27.004166666666666,24.3,34.5,2.7118867436058105,24,A607,2025,12,347,dez
2025-12-14,27.045833333333334,23.8,33,2.9867794443640063,24,A607,2025,12,348,dez
2025-12-15,27.270833333333332,24,33.5,3.061326675559594,24,A607,2025,12,349,dez
2025-12-16,27.5625,24.5,34.5,3.181169117875021,24,A607,2025,12,350,dez
2025-12-17,23.225,21.4,26.2,1.6030541502693072,24,A607,2025,12,351,dez
2025-12-18,22.025,19.9,25.2,1.743621917533829,24,A607,2025,12,352,dez
2025-12-19,21.704166666666666,20.4,24.4,1.304000255623697,24,A607,2025,12,353,dez
2025-12-20,24.016666666666666,21.3,29.2,2.4300056658847287,24,A607,2025,12,354,dez
2025-12-21,25.258333333333333,22,29.6,2.6971670591432666,24,A607,2025,12,355,dez
2025-12-22,25.078260869565216,22.1,29.1,2.7162736041293996,23,A607,2025,12,356,dez
2025-12-23,26.5,23,30.9,2.7296353402806552,23,A607,2025,12,357,dez
2025-12-24,26.608333333333334,22.2,32.5,3.4624591244382654,24,A607,2025,12,358,dez
2025-12-25,26.7,21.7,33.1,4.111912704199413,24,A607,2025,12,359,dez
2025-12-26,26.90416666666667,21.4,33.6,4.323794545924023,24,A607,2025,12,360,dez
2025-12-27,26.579166666666666,21.7,33.4,3.830197993141695,24,A607,2025,12,361,dez
2025-12-28,27,21.6,36.3,4.613590509711969,24,A607,2025,12,362,dez
2025-12-29,27.979166666666668,21.2,36.5,5.403620297433988,24,A607,2025,12,363,dez
2025-12-30,27.52916666666667,23.2,35.5,4.051782127138267,24,A607,2025,12,364,dez
2025-12-31,28.5,23.4,36.2,4.379696237233215,24,A607,2025,12,365,dez
