mes_ref,ano,mes_num,metodo,n,rho,p_valor,p_valor_cientifico,p_valor_relatorio,interpretacao
2020-01-01,2020,1,spearman,3,NA,NA,              NA,p = NA,não estimável
2020-02-01,2020,2,spearman,1,NA,NA,              NA,p = NA,não estimável
2020-04-01,2020,4,spearman,2,NA,NA,              NA,p = NA,não estimável
2020-06-01,2020,6,spearman,2,NA,NA,              NA,p = NA,não estimável
2020-07-01,2020,7,spearman,1,NA,NA,              NA,p = NA,não estimável
2020-09-01,2020,9,spearman,1,NA,NA,              NA,p = NA,não estimável
2021-03-01,2021,3,spearman,1,NA,NA,              NA,p = NA,não estimável
2021-05-01,2021,5,spearman,3,NA,NA,              NA,p = NA,não estimável
2021-06-01,2021,6,spearman,7,-0.07881104062391005,0.866621343241869,8.666213432418690e-01,"p = 0,867",muito fraca
2021-07-01,2021,7,spearman,4,-0.7745966692414834,0.22540333075851632,2.254033307585163e-01,"p = 0,225",forte
2021-08-01,2021,8,spearman,8,0.07824607964359516,0.8538863228291349,8.538863228291349e-01,"p = 0,854",muito fraca
2021-09-01,2021,9,spearman,9,0.4107919181288746,0.27207082745361133,2.720708274536113e-01,"p = 0,272",moderada
2021-10-01,2021,10,spearman,5,0.28867513459481287,0.6376180914006018,6.376180914006018e-01,"p = 0,638",fraca
2021-11-01,2021,11,spearman,4,0.894427190999916,0.10557280900008408,1.055728090000841e-01,"p = 0,106",forte
2021-12-01,2021,12,spearman,6,-0.6546536707079772,0.1583024233754577,1.583024233754577e-01,"p = 0,158",forte
2022-01-01,2022,1,spearman,4,NA,NA,              NA,p = NA,não estimável
2022-02-01,2022,2,spearman,5,0.7905694150420948,0.11136715471408384,1.113671547140838e-01,"p = 0,111",forte
2022-03-01,2022,3,spearman,9,NA,NA,              NA,p = NA,não estimável
2022-04-01,2022,4,spearman,12,-0.3781131186160174,0.22555394534778989,2.255539453477899e-01,"p = 0,226",moderada
2022-05-01,2022,5,spearman,23,-0.038633105094115584,0.8610714652093766,8.610714652093766e-01,"p = 0,861",muito fraca
2022-06-01,2022,6,spearman,22,0.010189673594095512,0.9641033731144282,9.641033731144282e-01,"p = 0,964",muito fraca
2022-07-01,2022,7,spearman,21,-0.16634525557163687,0.4711204980111666,4.711204980111666e-01,"p = 0,471",fraca
2022-08-01,2022,8,spearman,22,-0.2078090815287606,0.35340657424623523,3.534065742462352e-01,"p = 0,353",fraca
2022-09-01,2022,9,spearman,20,0.1125149372887475,0.6367219114196949,6.367219114196949e-01,"p = 0,637",fraca
2022-10-01,2022,10,spearman,22,0.1583737406433093,0.4814701025847218,4.814701025847218e-01,"p = 0,481",fraca
2022-11-01,2022,11,spearman,19,-0.3842574183304853,0.10431187418006557,1.043118741800656e-01,"p = 0,104",moderada
2022-12-01,2022,12,spearman,21,0.1989590151679884,0.3872544271967133,3.872544271967133e-01,"p = 0,387",fraca
2023-01-01,2023,1,spearman,23,0.26078491209685084,0.2294143420175545,2.294143420175545e-01,"p = 0,229",fraca
2023-02-01,2023,2,spearman,18,0.033040789121763975,0.8964468049399845,8.964468049399845e-01,"p = 0,896",muito fraca
2023-03-01,2023,3,spearman,26,0.010949533518641145,0.9576622461300692,9.576622461300692e-01,"p = 0,958",muito fraca
2023-04-01,2023,4,spearman,21,-0.1371020432375431,0.5534364609157432,5.534364609157432e-01,"p = 0,553",fraca
2023-05-01,2023,5,spearman,28,0.08601565383415971,0.6634108445066684,6.634108445066684e-01,"p = 0,663",muito fraca
2023-06-01,2023,6,spearman,26,-0.1839990857781691,0.36823252571234755,3.682325257123475e-01,"p = 0,368",fraca
2023-07-01,2023,7,spearman,29,0.18935875600328633,0.3252081470210305,3.252081470210305e-01,"p = 0,325",fraca
2023-08-01,2023,8,spearman,25,-0.053840412622757225,0.7982558011455614,7.982558011455614e-01,"p = 0,798",muito fraca
2023-09-01,2023,9,spearman,19,0.13556422066951537,0.5800171918809421,5.800171918809421e-01,"p = 0,580",fraca
2023-10-01,2023,10,spearman,21,0.2363289263554112,0.30236122802837295,3.023612280283730e-01,"p = 0,302",fraca
2023-11-01,2023,11,spearman,24,-0.015706901960836843,0.9419300553645821,9.419300553645821e-01,"p = 0,942",muito fraca
2023-12-01,2023,12,spearman,26,-0.01609867559588519,0.9377842042662425,9.377842042662425e-01,"p = 0,938",muito fraca
2024-01-01,2024,1,spearman,28,-0.08463437532598972,0.6685094544415611,6.685094544415611e-01,"p = 0,669",muito fraca
2024-02-01,2024,2,spearman,29,-0.4937785233148798,0.006484148690715117,6.484148690715117e-03,"p = 0,006",moderada
2024-03-01,2024,3,spearman,31,0.29300262745362204,0.10967327523460645,1.096732752346064e-01,"p = 0,110",fraca
2024-04-01,2024,4,spearman,30,0.30321575796925415,0.10335131426514949,1.033513142651495e-01,"p = 0,103",moderada
2024-05-01,2024,5,spearman,31,0.15668481548699334,0.39992718434229546,3.999271843422955e-01,"p = 0,400",fraca
2024-06-01,2024,6,spearman,30,0.07943925430315274,0.6764744220683242,6.764744220683242e-01,"p = 0,676",muito fraca
2024-07-01,2024,7,spearman,31,-0.06191388808051165,0.7407400410215643,7.407400410215643e-01,"p = 0,741",muito fraca
2024-08-01,2024,8,spearman,31,-0.11775418364967095,0.5281150992529662,5.281150992529662e-01,"p = 0,528",fraca
2024-09-01,2024,9,spearman,30,-0.18092801720205523,0.3386666430264855,3.386666430264855e-01,"p = 0,339",fraca
2024-10-01,2024,10,spearman,29,0.0138289142487827,0.9432398241858775,9.432398241858775e-01,"p = 0,943",muito fraca
2024-11-01,2024,11,spearman,27,0.10978611753142542,0.5856681766794555,5.856681766794555e-01,"p = 0,586",fraca
2024-12-01,2024,12,spearman,26,0.0013719846458970465,0.994692752496176,9.946927524961759e-01,"p = 0,995",muito fraca
2025-01-01,2025,1,spearman,25,0.35832800832961403,0.07860185450803725,7.860185450803725e-02,"p = 0,079",moderada
2025-02-01,2025,2,spearman,23,0.010651500336422379,0.9615287535370434,9.615287535370434e-01,"p = 0,962",muito fraca
2025-03-01,2025,3,spearman,22,0.5510062736229898,0.007866220549822913,7.866220549822913e-03,"p = 0,008",forte
2025-04-01,2025,4,spearman,19,-0.11363443627449665,0.6432213540777589,6.432213540777589e-01,"p = 0,643",fraca
2025-05-01,2025,5,spearman,20,0.018106479297652925,0.9396048641348375,9.396048641348375e-01,"p = 0,940",muito fraca
2025-06-01,2025,6,spearman,19,0.047208481308549904,0.8478101819014147,8.478101819014147e-01,"p = 0,848",muito fraca
2025-07-01,2025,7,spearman,19,-0.42108239924936397,0.072589711472457,7.258971147245701e-02,"p = 0,073",moderada
2025-08-01,2025,8,spearman,7,-0.3706246583305506,0.41311620025516577,4.131162002551658e-01,"p = 0,413",moderada
2025-09-01,2025,9,spearman,13,0.3529897768806324,0.23678841226195046,2.367884122619505e-01,"p = 0,237",moderada
2025-10-01,2025,10,spearman,16,-0.07316189166479369,0.7877227207871378,7.877227207871378e-01,"p = 0,788",muito fraca
2025-11-01,2025,11,spearman,16,0.17667285445631373,0.5127600912921608,5.127600912921608e-01,"p = 0,513",fraca
2025-12-01,2025,12,spearman,15,0.38955259752897237,0.15120710522883835,1.512071052288383e-01,"p = 0,151",moderada
