mes_ref,n_esperado,n_recalculado,rho_esperado,rho_recalculado,diferenca_rho,p_esperado,p_recalculado,diferenca_p,status
2020-01-01,3,3,NA,NA,NA,NA,NA,NA,OK
2020-02-01,1,1,NA,NA,NA,NA,NA,NA,OK
2020-04-01,2,2,NA,NA,NA,NA,NA,NA,OK
2020-06-01,2,2,NA,NA,NA,NA,NA,NA,OK
2020-07-01,1,1,NA,NA,NA,NA,NA,NA,OK
2020-09-01,1,1,NA,NA,NA,NA,NA,NA,OK
2021-03-01,1,1,NA,NA,NA,NA,NA,NA,OK
2021-05-01,3,3,NA,NA,NA,NA,NA,NA,OK
2021-06-01,7,7,-0.07881104062391005,-0.07881104062391005,0,0.866621343241869,0.866621343241869,0,OK
2021-07-01,4,4,-0.7745966692414834,-0.7745966692414834,0,0.22540333075851632,0.22540333075851632,0,OK
2021-08-01,8,8,0.07824607964359516,0.07824607964359516,0,0.8538863228291349,0.8538863228291349,0,OK
2021-09-01,9,9,0.4107919181288746,0.4107919181288746,0,0.27207082745361133,0.27207082745361133,0,OK
2021-10-01,5,5,0.28867513459481287,0.28867513459481287,0,0.6376180914006018,0.6376180914006018,0,OK
2021-11-01,4,4,0.894427190999916,0.894427190999916,0,0.10557280900008408,0.10557280900008408,0,OK
2021-12-01,6,6,-0.6546536707079772,-0.6546536707079772,0,0.1583024233754577,0.1583024233754577,0,OK
2022-01-01,4,4,NA,NA,NA,NA,NA,NA,OK
2022-02-01,5,5,0.7905694150420948,0.7905694150420948,0,0.11136715471408384,0.11136715471408384,0,OK
2022-03-01,9,9,NA,NA,NA,NA,NA,NA,OK
2022-04-01,12,12,-0.3781131186160174,-0.3781131186160174,0,0.22555394534778989,0.22555394534778989,0,OK
2022-05-01,23,23,-0.038633105094115584,-0.038633105094115584,0,0.8610714652093766,0.8610714652093766,0,OK
2022-06-01,22,22,0.010189673594095512,0.010189673594095512,0,0.9641033731144282,0.9641033731144282,0,OK
2022-07-01,21,21,-0.16634525557163687,-0.16634525557163687,0,0.4711204980111666,0.4711204980111666,0,OK
2022-08-01,22,22,-0.2078090815287606,-0.2078090815287606,0,0.35340657424623523,0.35340657424623523,0,OK
2022-09-01,20,20,0.1125149372887475,0.1125149372887475,0,0.6367219114196949,0.6367219114196949,0,OK
2022-10-01,22,22,0.1583737406433093,0.1583737406433093,0,0.4814701025847218,0.4814701025847218,0,OK
2022-11-01,19,19,-0.3842574183304853,-0.3842574183304853,0,0.10431187418006557,0.10431187418006557,0,OK
2022-12-01,21,21,0.1989590151679884,0.1989590151679884,0,0.3872544271967133,0.3872544271967133,0,OK
2023-01-01,23,23,0.26078491209685084,0.26078491209685084,0,0.2294143420175545,0.2294143420175545,0,OK
2023-02-01,18,18,0.033040789121763975,0.033040789121763975,0,0.8964468049399845,0.8964468049399845,0,OK
2023-03-01,26,26,0.010949533518641145,0.010949533518641145,0,0.9576622461300692,0.9576622461300692,0,OK
2023-04-01,21,21,-0.1371020432375431,-0.1371020432375431,0,0.5534364609157432,0.5534364609157432,0,OK
2023-05-01,28,28,0.08601565383415971,0.08601565383415971,0,0.6634108445066684,0.6634108445066684,0,OK
2023-06-01,26,26,-0.1839990857781691,-0.1839990857781691,0,0.36823252571234755,0.36823252571234755,0,OK
2023-07-01,29,29,0.18935875600328633,0.18935875600328633,0,0.3252081470210305,0.3252081470210305,0,OK
2023-08-01,25,25,-0.053840412622757225,-0.053840412622757225,0,0.7982558011455614,0.7982558011455614,0,OK
2023-09-01,19,19,0.13556422066951537,0.13556422066951537,0,0.5800171918809421,0.5800171918809421,0,OK
2023-10-01,21,21,0.2363289263554112,0.2363289263554112,0,0.30236122802837295,0.30236122802837295,0,OK
2023-11-01,24,24,-0.015706901960836843,-0.015706901960836843,0,0.9419300553645821,0.9419300553645821,0,OK
2023-12-01,26,26,-0.01609867559588519,-0.01609867559588519,0,0.9377842042662425,0.9377842042662425,0,OK
2024-01-01,28,28,-0.08463437532598972,-0.08463437532598972,0,0.6685094544415611,0.6685094544415611,0,OK
2024-02-01,29,29,-0.4937785233148798,-0.4937785233148798,0,0.006484148690715117,0.006484148690715117,0,OK
2024-03-01,31,31,0.29300262745362204,0.29300262745362204,0,0.10967327523460645,0.10967327523460645,0,OK
2024-04-01,30,30,0.30321575796925415,0.30321575796925415,0,0.10335131426514949,0.10335131426514949,0,OK
2024-05-01,31,31,0.15668481548699334,0.15668481548699334,0,0.39992718434229546,0.39992718434229546,0,OK
2024-06-01,30,30,0.07943925430315274,0.07943925430315274,0,0.6764744220683242,0.6764744220683242,0,OK
2024-07-01,31,31,-0.06191388808051165,-0.06191388808051165,0,0.7407400410215643,0.7407400410215643,0,OK
2024-08-01,31,31,-0.11775418364967095,-0.11775418364967095,0,0.5281150992529662,0.5281150992529662,0,OK
2024-09-01,30,30,-0.18092801720205523,-0.18092801720205523,0,0.3386666430264855,0.3386666430264855,0,OK
2024-10-01,29,29,0.0138289142487827,0.0138289142487827,0,0.9432398241858775,0.9432398241858775,0,OK
2024-11-01,27,27,0.10978611753142542,0.10978611753142542,0,0.5856681766794555,0.5856681766794555,0,OK
2024-12-01,26,26,0.0013719846458970465,0.0013719846458970465,0,0.994692752496176,0.994692752496176,0,OK
2025-01-01,25,25,0.35832800832961403,0.35832800832961403,0,0.07860185450803725,0.07860185450803725,0,OK
2025-02-01,23,23,0.010651500336422379,0.010651500336422379,0,0.9615287535370434,0.9615287535370434,0,OK
2025-03-01,22,22,0.5510062736229898,0.5510062736229898,0,0.007866220549822913,0.007866220549822913,0,OK
2025-04-01,19,19,-0.11363443627449665,-0.11363443627449665,0,0.6432213540777589,0.6432213540777589,0,OK
2025-05-01,20,20,0.018106479297652925,0.018106479297652925,0,0.9396048641348375,0.9396048641348375,0,OK
2025-06-01,19,19,0.047208481308549904,0.047208481308549904,0,0.8478101819014147,0.8478101819014147,0,OK
2025-07-01,19,19,-0.42108239924936397,-0.42108239924936397,0,0.072589711472457,0.072589711472457,0,OK
2025-08-01,7,7,-0.3706246583305506,-0.3706246583305506,0,0.41311620025516577,0.41311620025516577,0,OK
2025-09-01,13,13,0.3529897768806324,0.3529897768806324,0,0.23678841226195046,0.23678841226195046,0,OK
2025-10-01,16,16,-0.07316189166479369,-0.07316189166479369,0,0.7877227207871378,0.7877227207871378,0,OK
2025-11-01,16,16,0.17667285445631373,0.17667285445631373,0,0.5127600912921608,0.5127600912921608,0,OK
2025-12-01,15,15,0.38955259752897237,0.38955259752897237,0,0.15120710522883835,0.15120710522883835,0,OK
