lag_dias,metodo,n,rho,p_valor,rank_abs_rho,p_valor_cientifico,p_valor_relatorio
41,spearman,1106,0.35267892983699173,9.72394867306417e-34,1,9.723948673064170e-34,"p = 9,72e-34"
45,spearman,1106,0.3425719419597372,8.250176221146235e-32,2,8.250176221146235e-32,"p = 8,25e-32"
40,spearman,1106,0.3411089244319938,1.5481376565678123e-31,3,1.548137656567812e-31,"p = 1,55e-31"
42,spearman,1106,0.3409088035636835,1.6868872083000938e-31,4,1.686887208300094e-31,"p = 1,69e-31"
43,spearman,1106,0.33771431568843036,6.583167471034555e-31,5,6.583167471034555e-31,"p = 6,58e-31"
35,spearman,1107,0.3354889677248294,1.5855270108211133e-30,6,1.585527010821113e-30,"p = 1,59e-30"
44,spearman,1106,0.33417683821118377,2.9188960183735147e-30,7,2.918896018373515e-30,"p = 2,92e-30"
39,spearman,1106,0.3301171168056298,1.5744649130472084e-29,8,1.574464913047208e-29,"p = 1,57e-29"
36,spearman,1107,0.3242383448419979,1.6340117902264308e-28,9,1.634011790226431e-28,"p = 1,63e-28"
33,spearman,1107,0.3240101901401015,1.7914730452104862e-28,10,1.791473045210486e-28,"p = 1,79e-28"
