"NM_BAIRRO","Casos","Anos"
"Parque Jockey Club",2572,"2021,2022,2023,2024,2025"
"Goitacazes",1971,"2020,2021,2022,2023,2024,2025"
"Centro",1939,"2020,2021,2022,2023,2024,2025"
"Travessao",1565,"2020,2021,2022,2023,2024,2025"
"Farol De Sao Tome",1553,"2022,2023,2024,2025"
"Parque Aurora",1157,"2021,2022,2023,2024,2025"
"Parque Penha",1023,"2020,2021,2022,2023,2024,2025"
"Parque Guarus",905,"2021,2022,2023,2024,2025"
"Parque Turf Club",817,"2021,2022,2023,2024,2025"
"Tocos",797,"2022,2023,2024,2025"
"Donana",703,"2021,2022,2023,2024,2025"
"Jardim Carioca",697,"2020,2021,2022,2023,2024,2025"
"Parque Prazeres",690,"2021,2022,2023,2024,2025"
"Parque Eldorado",584,"2022,2023,2024,2025"
"Parque Leopoldina",583,"2020,2021,2022,2023,2024,2025"
"Parque Rosario",570,"2021,2022,2023,2024,2025"
"Parque California",568,"2021,2022,2023,2024,2025"
"Parque Santa Rosa",553,"2022,2023,2024,2025"
"Parque Esplanada",517,"2022,2023,2024,2025"
"Tapera",500,"2021,2022,2023,2024,2025"
"Baixa Grande",472,"2022,2023,2024,2025"
"Parque Imperial",444,"2021,2022,2023,2024,2025"
"Parque Pecuaria",437,"2020,2022,2023,2024,2025"
"Parque Aeroporto",421,"2022,2023,2024,2025"
"Parque Calabouco",398,"2022,2023,2024,2025"
"Ururai",393,"2022,2023,2024,2025"
"Parque Corrientes",355,"2022,2023,2024,2025"
"Parque Cidade Luz",343,"2022,2023,2024,2025"
"Parque Sao Caetano",340,"2021,2022,2023,2024,2025"
"Custodopolis",337,"2021,2022,2023,2024,2025"
"Saturnino Braga",321,"2020,2022,2023,2024,2025"
"Parque Brasilia",299,"2022,2023,2024,2025"
"Parque Vicente Goncalves",288,"2022,2023,2024,2025"
"Parque Barao Do Rio Branco",286,"2022,2023,2024,2025"
"Parque Alvorada",261,"2022,2023,2024,2025"
"Parque Novo Mundo",261,"2022,2023,2024,2025"
"Parque Presidente Vargas",251,"2020,2022,2023,2024,2025"
"Parque Tamandare",240,"2022,2023,2024,2025"
"Boa Vista",231,"2023,2024,2025"
"Parque Rodoviario",231,"2021,2022,2023,2024,2025"
"Parque Santa Clara",229,"2022,2023,2024,2025"
"Parque Santo Amaro",213,"2021,2022,2023,2024,2025"
"Conselheiro Josino",209,"2022,2023,2024,2025"
"Parque Juliao Nogueira",204,"2022,2023,2024,2025"
"Parque Sao Jose",190,"2021,2022,2023,2024,2025"
"Tres Vendas",180,"2022,2023,2024,2025"
"Parque Joao Maria",178,"2022,2023,2024,2025"
"Lapa",176,"2021,2022,2023,2024,2025"
"Codin",175,"2020,2022,2023,2024,2025"
"Parque Tarcisio Miranda",174,"2022,2023,2024,2025"
"Poco Gordo",172,"2022,2023,2024,2025"
"Caju",170,"2020,2022,2023,2024,2025"
"Ips",169,"2021,2022,2023,2024,2025"
"Parque Sao Benedito",162,"2021,2022,2023,2024,2025"
"Parque Aldeia",161,"2022,2023,2024,2025"
"Parque Lebret",156,"2022,2023,2024,2025"
"Alphaville",150,"2020,2022,2023,2024,2025"
"Ponta Da Lama",150,"2022,2023,2024,2025"
"Parque Fundao",149,"2021,2022,2023,2024,2025"
"Parque Santa Helena",148,"2022,2023,2024,2025"
"Parque Tropical",142,"2023,2024,2025"
"Vila Nova",141,"2023,2024,2025"
"Nova Campos",130,"2022,2023,2024,2025"
"Mineiros",128,"2022,2023,2024,2025"
"Parque Sao Silvestre",127,"2022,2023,2024,2025"
"Parque Flamboyant",124,"2020,2022,2023,2024,2025"
"Jardim Ceasa",116,"2023,2024,2025"
"Santa Cruz",116,"2021,2022,2023,2024,2025"
"Parque Sao Mateus",114,"2022,2023,2024,2025"
"Parque Bela Vista",113,"2022,2023,2024,2025"
"Parque Jardim Carioca",111,"2021,2022,2023,2024"
"Barcelos",110,"2021,2022,2023,2024"
"Morro Do Coco",107,"2023,2024,2025"
"Dores De Macabu",106,"2022,2023,2024,2025"
"Guandu",105,"2023,2024,2025"
"Mussurepe",105,"2022,2023,2024,2025"
"Parque Santo Antonio",105,"2022,2023,2024,2025"
"Babosa",104,"2022,2023,2024,2025"
"Carvao",104,"2022,2023,2024,2025"
"Penha",96,"2021,2022,2023,2024,2025"
"Campo Novo",95,"2021,2022,2023,2024,2025"
"Ponta Grossa",87,"2023,2024,2025"
"Parque Vera Cruz",86,"2021,2022,2023,2024,2025"
"Barbosa",78,"2022,2024,2025"
"Parque Varanda Do Visco",78,"2022,2023,2024,2025"
"Ibitioca",77,"2022,2023,2024,2025"
"Parque Bandeirantes",77,"2022,2023,2024,2025"
"Parque Santos Dumont",74,"2022,2023,2024,2025"
"Sao Sebastiao",73,"2023,2024,2025"
"Canaa",72,"2023,2024,2025"
"Novo Eldorado",71,"2022,2023,2024,2025"
"Santo Amaro",70,"2021,2023,2024,2025"
"Vivenda Do Coq i",69,"2022,2023,2024,2025"
"Nova Brasilia",67,"2022,2023,2024"
"Nova Goitacazes",66,"2022,2023,2024"
"Jardim Lagoa Das Pedras",65,"2023,2024,2025"
"Grussai",64,"2022,2023,2024"
"Venda Nova",62,"2021,2022,2023,2024"
"Sao Jorge",61,"2022,2023,2024,2025"
"Martins Lage",58,"2022,2023,2024,2025"
"Terra Prometida",58,"2022,2023,2024"
"Nova Canaa",57,"2022,2023,2024,2025"
"Parque Boa Vista",57,"2021,2022,2023,2024,2025"
"Parque Caju",54,"2021,2023,2024,2025"
"Parque Maciel",49,"2022,2023,2024,2025"
"Arraial",48,"2024"
"Rio Preto",48,"2022,2023,2024,2025"
"Campo Limpo",47,"2023,2024,2025"
"Lagoa De Cima",47,"2023,2024,2025"
"Coqueiro De Tocos",46,"2022,2023,2024,2025"
"Vila Romana",46,"2022,2024"
"Pelinca",44,"2021,2022,2023,2024,2025"
"Vila Manhaes",44,"2022,2023,2024,2025"
"Fazendinha",43,"2022,2023,2024,2025"
"Brejo Grande",41,"2023,2024,2025"
"Serrinha",41,"2020,2022,2023,2024,2025"
"Marrecas",40,"2023,2024,2025"
"Parque Sao Domingos",40,"2023,2024,2025"
"Horto Municipal",39,"2022,2023,2024,2025"
"Santa Ana",39,"2022,2023,2024"
"Saraiva",39,"2022,2023,2024,2025"
"Jardim Das Acacias",38,"2022,2023,2024,2025"
"Pernambuca",38,"2023,2024,2025"
"Balanca Rangel",37,"2023,2024"
"Vila Menezes",36,"2023,2024"
"Parque Santa Maria",35,"2023,2024,2025"
"Usina Sapucaia",34,"2022,2023,2024,2025"
"Cazumba",33,"2022,2023,2024"
"Correntezas",32,"2022,2023,2024"
"Caxeta",31,"2023,2024,2025"
"Chatuba",31,"2023,2024"
"Sao Benedito",30,"2022,2023,2024"
"Sao Martinho",30,"2022,2023,2024,2025"
"Vila Industrial",30,"2023,2024"
"Atafona",29,"2023,2024,2025"
"Outeiro",29,"2022,2023,2024"
"Caxias De Tocos",27,"2022,2023,2024"
"Guarus",27,"2021,2022,2023,2024"
"Santa Rosa",27,"2022,2023,2024"
"Km 14",26,"2023,2024"
"Palmares",26,"2023,2024"
"Espinho",25,"2022,2023,2024,2025"
"Jockey Club",22,"2021,2022,2023,2024"
"Parque Real",22,"2023,2024,2025"
"Parque Saraiva",22,"2023,2024"
"Vila Dos Coroados",21,"2022,2023,2024,2025"
"Caxias",20,"2023,2024,2025"
"Iterere",20,"2022,2023,2024,2025"
"Parque Ceasa",20,"2023,2024,2025"
"Usina Cambaiba",20,"2022,2023,2024,2025"
"Usina Sao Joao",20,"2023,2024"
"Bugalho",19,"2023,2024"
"Fazenda Campelo",19,"2023,2024,2025"
"Novo Horizonte",19,"2023,2024,2025"
"Pecuaria",19,"2022,2023,2024"
"Solar Da Penha",19,"2023,2024,2025"
"Veiga",19,"2022,2023,2024"
"Conceicao Do Imbe",18,"2023,2024"
"Veredas",18,"2023,2024,2025"
"Km 15",17,"2023,2024"
"Matadouro",17,"2023,2024"
"Parque Zuza Mota",17,"2021,2023,2024,2025"
"Jardim Marilea",16,"2023,2024"
"Pureza",16,"2023,2024,2025"
"Cidade Luz",15,"2023,2024"
"Vicente Dias",15,"2023,2024"
"Km 13",14,"2024"
"Santa Maria",14,"2023,2024,2025"
"Turf Club",14,"2021,2022,2023,2024"
"Acu",13,"2022,2023,2024,2025"
"Campo De Areia",13,"2023,2024"
"Ipuca",13,"2023,2024"
"Ribeiro Amparo",13,"2023,2024,2025"
"Alto De Areias",12,"2023,2024,2025"
"Capao",12,"2023,2024"
"Eldorado",12,"2023,2024"
"Praca Joao Pessoa",12,"2022,2023,2024,2025"
"Santa Clara",12,"2022,2023,2024"
"Santo Eduardo",12,"2023,2024,2025"
"Barra Do Itabapoana",11,"2023,2024"
"Guriri",11,"2023,2024,2025"
"Ponta Do Coqueiro",11,"2024"
"Sao Joaquim",11,"2022,2023,2024"
"Tapera 2",11,"2022,2023,2024"
"Tocaia",11,"2023,2024"
"Carmo",10,"2023,2024"
"Chave Do Paraiso",10,"2024,2025"
"Costa Azul",10,"2023,2024"
"Floresta",10,"2022,2023,2024"
"Nova Sao Joao Da Barra",10,"2023,2024"
"Po o Gordo",10,"2021,2023,2024"
"Vila Da Rainha",10,"2023,2024"
"Aldeia 2",9,"2023,2024"
"Cachoeiro",9,"2023,2024,2025"
"Cajueiro",9,"2023,2024"
"Estancia Da Penha",9,"2022,2024"
"Fazenda Boa Vista",9,"2023,2024"
"Fundao",9,"2022,2023,2024"
"Gargau",9,"2023,2024"
"Mato Escuro",9,"2023,2024,2025"
"Morangaba",9,"2022,2023,2024"
"Mundeus",9,"2021,2022,2023,2024"
"Quilombo",9,"2023,2024"
"Sao Caetano",9,"2022,2023,2024"
"Agua Preta",8,"2024"
"Barao De Macaubas",8,"2023,2024,2025"
"Farol",8,"2024"
"Jockey 2",8,"2023,2024"
"Retiro",8,"2024,2025"
"Agua Santa",7,"2023,2024"
"Guaxindiba",7,"2023,2024"
"Lago Do Garcia",7,"2024"
"Largo Do Garcia",7,"2023,2024"
"Parque Nova Brasilia",7,"2022,2024"
"Presidente Vargas",7,"2024"
"Real",7,"2023,2024,2025"
"Recreio",7,"2023,2024"
"Saldanha Da Gama",7,"2023,2024"
"Santa Helena",7,"2023,2024"
"Tapera 3",7,"2022,2023,2024"
"Usina Santa Cruz",7,"2022,2023,2024"
"Visconde De Ururai",7,"2021,2023,2024"
"Alvorada",6,"2023,2024,2025"
"Amendoeira",6,"2024"
"Bariri",6,"2024"
"Jardim Primavera",6,"2022,2023,2024"
"Km 8",6,"2022,2023,2024"
"Morro Grande",6,"2023,2024"
"Parque Salo Brand",6,"2023,2024"
"Prazeres",6,"2023"
"Radio Velho",6,"2024"
"Santa Rita",6,"2023,2024,2025"
"Sao Vicente",6,"2024"
"Soo Caetano",6,"2023"
"Turf",6,"2023,2024"
"Usina Santo Antonio",6,"2021,2022,2024"
"Buena",5,"2023,2024"
"Cimento Paraiso",5,"2023,2024"
"Granja Dos Cavaleiros",5,"2023,2024"
"Imburi",5,"2024"
"Jockey",5,"2022,2023"
"Nova Divineia",5,"2023,2024"
"Olhos Dagua 2",5,"2024"
"Palmeiras",5,"2024"
"Parque Industrial",5,"2023,2024"
"Planicie",5,"2023,2024"
"Quixaba",5,"2024"
"Sao Matheus",5,"2022,2024"
"Tapera i",5,"2022,2023,2024"
"Vila Do Sol",5,"2024"
"Aldeia",4,"2023,2024"
"Alto Do Eliseu",4,"2024"
"Angelim",4,"2023,2024"
"Aurora",4,"2022,2023,2024"
"Caboio",4,"2024"
"California",4,"2024"
"Degredo",4,"2023"
"Estancia",4,"2024"
"Gamboa",4,"2023,2024,2025"
"Imperial",4,"2023,2024"
"Jardim Botanico",4,"2023,2024"
"Jardim De Campos",4,"2022,2024,2025"
"Km 08",4,"2023,2024"
"Km14",4,"2024"
"Lebret",4,"2023"
"Macuco",4,"2023,2024"
"Novo Mundo",4,"2023,2024"
"Palacete",4,"2024,2025"
"Parque Bonsucesso",4,"2023,2024"
"Poao Gordo",4,"2023,2024,2025"
"Ponto Do Carmo",4,"2024"
"Recanto Da Penha",4,"2023,2024"
"Sabonete",4,"2022,2023,2024"
"Santo Antonio",4,"2022,2023,2024,2025"
"Sao Bento",4,"2024"
"Sao Jose",4,"2021,2023,2024"
"Saudade",4,"2023,2024"
"Tapera 1",4,"2022,2024"
"Terra Nova",4,"2023,2024"
"Viana",4,"2024,2025"
"Vila Rainha",4,"2024"
"Vivenda Dos Coq 2",4,"2022,2023,2024"
"Aeroporto",3,"2023,2024"
"Alphaville 2",3,"2023,2024"
"Beira Do Tai",3,"2023,2024"
"Calabouco",3,"2023,2024"
"Campo Da Areia",3,"2024"
"Canaan",3,"2024"
"Canal Das Flexas",3,"2023,2024"
"Canna",3,"2024"
"Catarino",3,"2024"
"Caxia De Tocos",3,"2024"
"Cidade Jardim",3,"2024"
"Cobra Velha",3,"2024"
"Ernesto Machado",3,"2023,2024"
"Fazenda Grande",3,"2024"
"Giro Faisca",3,"2024"
"Joao Seixas",3,"2023,2024"
"Km15",3,"2024"
"Lagoa",3,"2023"
"Leopoldina",3,"2022,2024"
"Linha Do Limao",3,"2024"
"Marcelo",3,"2023,2024"
"Matutu",3,"2024"
"Montese",3,"2023,2024"
"Murundu",3,"2022,2024"
"Nova Cidade",3,"2023,2024"
"Nova Esperanca",3,"2024"
"Novo Goitacazes",3,"2023,2024"
"Olhos Daqua i",3,"2024"
"Parque Angelica",3,"2024"
"Parque Nova Brasilia Bairro",3,"2024"
"Parque Santuario",3,"2024"
"Parque Sao Jorge",3,"2022,2023"
"Parque Tinola",3,"2024"
"Parque Vicente Dias",3,"2024"
"Paus Amarelo",3,"2024"
"Prado",3,"2024"
"Praia Do Sonho",3,"2024"
"Recanto Das Palmeiras",3,"2023,2024"
"Resid Porto Seguro",3,"2023,2024"
"Rosario",3,"2023"
"Sao Fidelis",3,"2023,2024"
"Sao Francisco De Itabapoana",3,"2024"
"Sao Mateus",3,"2023,2024"
"Sao Silvestre",3,"2023,2024"
"Soo Jose",3,"2023,2024"
"Veneza",3,"2024"
"Vera Cruz",3,"2023,2024"
"Vila Dos Pescadores",3,"2024"
"Aldeia 1",2,"2023,2024"
"Azeitona",2,"2022,2024"
"Barra Do Furado",2,"2023"
"Barra Do Jacare",2,"2023"
"Barra Grande",2,"2024"
"Barreiro",2,"2023,2024"
"Bela Vista",2,"2023,2024"
"Bem Viver",2,"2024"
"Boa Esperanaa",2,"2023"
"Bom Sucesso",2,"2023,2024"
"Bosque Das Acacias",2,"2023,2024"
"Cambaiba",2,"2024"
"Campos Limpo",2,"2024"
"Canal Das Flechas",2,"2023,2024"
"Cantagalo",2,"2023,2024"
"Canto Do Rio",2,"2024"
"Cardoso Moreira",2,"2024"
"Casumba",2,"2024"
"Cavaleiros",2,"2023"
"Cazumb",2,"2024"
"Ceasa",2,"2023,2024"
"Chapeu Do Sol",2,"2022,2025"
"Coqueiros",2,"2024"
"Corrientes",2,"2022,2024"
"Cristo Rei",2,"2024"
"Dom Bosco",2,"2023,2024"
"Espiador",2,"2022,2024"
"Esplanada",2,"2022,2025"
"Horto",2,"2020,2023"
"Imburi De Campos",2,"2023,2024"
"Inga",2,"2024"
"Jardim Aeroporto",2,"2024"
"Jardim Campos",2,"2023,2024"
"Jardim Das Palmeiras",2,"2023,2024"
"Jardim Maria Queiroz",2,"2023,2024"
"Jardim Paraiso",2,"2024"
"Jardim Vitoria",2,"2023"
"Km10",2,"2024"
"Km8",2,"2024"
"Lagoa Do Garcia",2,"2024"
"Liberdade",2,"2022,2023"
"Lot Atlantica",2,"2023,2024"
"Manhaes",2,"2024"
"Mata Cruz",2,"2024"
"Nova Canaan",2,"2024,2025"
"Nova Eldorado",2,"2023"
"Novo",2,"2023,2024"
"Parque Canaa",2,"2023,2024"
"Parque Nova Canao",2,"2023"
"Parque Rio Branco",2,"2024"
"Piteiras",2,"2023"
"Ponta Do Carmo",2,"2024"
"Ponto Do Coqueiro",2,"2024"
"Porto Belo",2,"2024"
"Pra a Joao Pessoa",2,"2024"
"Praca Tiradentes",2,"2024"
"Residencial Veneza",2,"2023,2024"
"Residencial Veredas",2,"2023,2024"
"Ribeiro Amaro",2,"2024"
"Rio Branco",2,"2024"
"Santa Catarina",2,"2024"
"Santa Fe",2,"2024"
"Santos Drumont",2,"2024"
"Santuario",2,"2024"
"Sao Diogo",2,"2025"
"Sao Domingos",2,"2023,2024"
"Sao Joao Da Barra",2,"2024"
"Sao Luiz",2,"2023,2024"
"Soledade 2",2,"2024"
"Terminal Pesqueiro",2,"2024"
"Tira Gosto",2,"2024"
"Toco",2,"2024"
"Travessao De Barra",2,"2023"
"Valao Seco",2,"2023,2024"
"Viegas",2,"2024"
"Vila Almeida",2,"2023"
"Visconde De Araujo",2,"2023,2024"
"Xexe",2,"2024"
"a u",2,"2024"
"6 Marias",1,"2024"
"Aftima",1,"2023"
"Aguas Das Pedras",1,"2024"
"Ajuda De Baixo",1,"2024"
"Albuquerque",1,"2024"
"Aldeia i",1,"2023"
"Alegria Dos Anjos",1,"2024"
"Almas Do Mato",1,"2025"
"Alpha Green",1,"2024"
"Alphaville 3",1,"2023"
"Alto Alegre",1,"2024"
"Alto Camaro",1,"2024"
"Alto Da Boa Vista",1,"2023"
"Amparo",1,"2023"
"Ancora",1,"2023"
"Angelica",1,"2024"
"Areal",1,"2024"
"Aroeira",1,"2024"
"Arraial Travessao",1,"2024"
"Artur Bernardes",1,"2024"
"Asilo Do Carmo q",1,"2024"
"Aterro",1,"2024"
"Babora",1,"2024"
"Bairro Da Gloria",1,"2024"
"Baixa Gande",1,"2024"
"Balneario",1,"2024"
"Balneario Remanso",1,"2023"
"Bananal",1,"2023"
"Bandeirantes",1,"2024"
"Barao",1,"2023"
"Barao De Macabu",1,"2024"
"Barra De Macae",1,"2024"
"Barra Do Rio Branco",1,"2024"
"Barra Funda",1,"2024"
"Barro Vermelho",1,"2024"
"Beda",1,"2024"
"Bento Ribeiro",1,"2024"
"Boca Da Barra",1,"2024"
"Bocaina",1,"2023"
"Bom Jardim",1,"2024"
"Bom Jesus",1,"2024"
"Bomsucesso",1,"2024"
"Botafogo",1,"2024"
"Br 1011 Km 03",1,"2024"
"Bririri",1,"2024"
"Caana",1,"2024"
"Caixoeira Amorosa",1,"2023"
"Calabouao",1,"2025"
"Cambuci",1,"2024"
"Campo De Area",1,"2024"
"Campo Grande",1,"2024"
"Campo Limp",1,"2023"
"Campos De Areia",1,"2024"
"Canto Do Rio Toxos",1,"2024"
"Canto Dos Ferreira",1,"2024"
"Capelo",1,"2024"
"Caravelas",1,"2024"
"Carioca",1,"2024"
"Carvoo",1,"2024"
"Casa",1,"2024"
"Caxumba",1,"2024"
"Cazunba",1,"2024"
"Centr",1,"2024"
"Centrio",1,"2024"
"Centro Mesquita",1,"2024"
"Chapeu De Sol",1,"2023"
"Cidade Jardins",1,"2024"
"Cidade Nova",1,"2024"
"Cidade Praiana",1,"2023"
"Codieu",1,"2024"
"Colegio",1,"2024"
"Colinas",1,"2024"
"Colonia",1,"2024"
"Conceia o Do Imbe",1,"2024"
"Conrenteza",1,"2024"
"Conrreteza",1,"2024"
"Coroa",1,"2022"
"Corrego",1,"2022"
"Corrego Do Ouro",1,"2024"
"Corrego Fundo",1,"2024"
"Corrintes",1,"2022"
"Cosmos",1,"2024"
"Cristo Reis",1,"2024"
"Cubango",1,"2024"
"Cupim",1,"2024"
"Curicica",1,"2024"
"Custodoolis",1,"2024"
"Custopolis",1,"2024"
"Divineia",1,"2023"
"Domana",1,"2024"
"Doutor Lourenco",1,"2024"
"Ed Salete",1,"2024"
"Eld",1,"2024"
"Eldo",1,"2024"
"Engenho Novo",1,"2024"
"Enseada Das Gaivotas",1,"2023"
"Espirito Santo",1,"2024"
"Est Da Penha",1,"2024"
"Estrada Do Saco",1,"2023"
"Estrada Nova",1,"2024"
"Estrada Veiga",1,"2023"
"Eudonado",1,"2024"
"Eustodopoles",1,"2024"
"Ext Serramar",1,"2024"
"Far",1,"2024"
"Farl Nautico",1,"2024"
"Farol De Sao Tome Radio Velho",1,"2024"
"Farol Xex",1,"2024"
"Farol Xexe",1,"2024"
"Fazenda Conceicao Da Barra",1,"2024"
"Fazenda Franca",1,"2023"
"Fazenda Jacaranda",1,"2024"
"Flamboyant",1,"2023"
"Flamoyant",1,"2023"
"Foguete",1,"2022"
"Fonseca",1,"2025"
"Francisco Miranda",1,"2024"
"Fronteira",1,"2024"
"Fundoo",1,"2024"
"Gaivota",1,"2024"
"Gardenia Azul",1,"2024"
"Giro Fauco",1,"2024"
"Goy",1,"2024"
"Gravata",1,"2024"
"Grupiaria",1,"2024"
"Guarnieri",1,"2023"
"Higienopolis",1,"2024"
"Honorio Gurgel",1,"2024"
"Iburi",1,"2023"
"Industrial",1,"2024"
"Ios",1,"2024"
"Itaim Paulista",1,"2024"
"Itaperanga",1,"2024"
"Itereru",1,"2023"
"Jardiim Das Figueiras",1,"2024"
"Jardim Acacias",1,"2023"
"Jardim Atlantico",1,"2024"
"Jardim Bela Vista",1,"2023"
"Jardim Camburi",1,"2024"
"Jardim Campomar",1,"2024"
"Jardim Das Acassia",1,"2024"
"Jardim Ideal",1,"2024"
"Jardim Miriam",1,"2024"
"Jardim Pinheiro",1,"2023"
"Jardim Sao Luiz",1,"2024"
"Jardim Sao Paulo",1,"2024"
"Jardim Tropical",1,"2024"
"Joao Maria",1,"2024"
"Jockey 02",1,"2023"
"Jockey Clib",1,"2022"
"Jonas De Almeida e Silva",1,"2024"
"Jose Do Petrocinio",1,"2024"
"Juarez",1,"2023"
"Km 09",1,"2024"
"Km 10",1,"2023"
"Km 13 Travessao",1,"2024"
"Km 16",1,"2024"
"Km08",1,"2024"
"Km13",1,"2024"
"Km18",1,"2024"
"Lagamar Farol",1,"2024"
"Lago Da Garcia",1,"2024"
"Lago Feia",1,"2024"
"Lagoa De Cima i",1,"2024"
"Lagoa Doce",1,"2023"
"Lagoa Dos Paus",1,"2024"
"Lagoinha",1,"2024"
"Lapa 2",1,"2024"
"Largo De Garcia",1,"2024"
"Leons",1,"2023"
"Linha Do Limero",1,"2024"
"Lucilda Da Silva Domingos",1,"2024"
"Lugonha",1,"2024"
"Luiz Diego Barbosa Cerqueira",1,"2024"
"Luza Mota",1,"2024"
"Macuci",1,"2024"
"Malhaes",1,"2024"
"Manguinhos",1,"2024"
"Maria Ortiz",1,"2024"
"Maria Queiroz",1,"2024"
"Marimbondo",1,"2023"
"Marreca",1,"2024"
"Marro Grande",1,"2024"
"Matinha",1,"2024"
"Matuti",1,"2024"
"Miguel Couto",1,"2024"
"Mirandela",1,"2024"
"Mirante Da Lagoa",1,"2023"
"Monte Verde",1,"2024"
"Monteiro De Sao Bento",1,"2024"
"Morada Do Sol",1,"2024"
"Mussurepe Bairro Babosa",1,"2024"
"Nautico",1,"2024"
"Nazario",1,"2024"
"Nogueira",1,"2022"
"Nossa Senhora Aparecida",1,"2023"
"Nova America",1,"2024"
"Nova Basilia",1,"2023"
"Nova Belem",1,"2023"
"Nova Brasiia",1,"2023"
"Nova Brasilia Bairro",1,"2024"
"Nova Canan",1,"2024"
"Nova Canna",1,"2023"
"Nova Cidade Luz",1,"2023"
"Nova Divineio",1,"2024"
"Nova Esperenca",1,"2024"
"Nova Goitazes",1,"2024"
"Nova Goiytacazes",1,"2024"
"Nova Grussai",1,"2023"
"Nova Santa Clara",1,"2023"
"Novo Aeroporto",1,"2023"
"Novo Canaa",1,"2024"
"Novo Isaque Bairro",1,"2024"
"Novo Oriente",1,"2024"
"Novo Rio Das Ostras",1,"2023"
"Novo j",1,"2024"
"Olhos d Agua",1,"2024"
"Oliveira Botelho",1,"2023"
"Oq Nova Brasilia",1,"2021"
"Ouro Verde",1,"2024"
"Palmaria",1,"2024"
"Paraiba Do Sul",1,"2024"
"Paraiso",1,"2024"
"Paranoa",1,"2024"
"Parque Aldeia 1",1,"2024"
"Parque Aldeia 1 Bairro",1,"2022"
"Parque Aldeia 2",1,"2024"
"Parque Alplaville",1,"2021"
"Parque Boungaville",1,"2024"
"Parque Canao",1,"2024"
"Parque Ceu Azul",1,"2024"
"Parque Dom Bosco",1,"2022"
"Parque Faria",1,"2024"
"Parque Gandu",1,"2023"
"Parque Jockey Club 2",1,"2023"
"Parque Jose Do Patrocinio",1,"2023"
"Parque Juliao Moreira",1,"2024"
"Parque Nova Canaa",1,"2024"
"Parque Nova Eldorado",1,"2022"
"Parque Oliveira Botelho",1,"2024"
"Parque Palmeira",1,"2024"
"Parque Residencial",1,"2024"
"Parque Rio Preto",1,"2023"
"Parque Rodovi Rio",1,"2025"
"Parque Sao Clemente",1,"2024"
"Parque Sao Francisco",1,"2024"
"Parque Sao Gregorio",1,"2023"
"Parque Sao Joao",1,"2024"
"Parque Tar",1,"2023"
"Parque Torenio Miranda",1,"2024"
"Parque Venda Nova",1,"2023"
"Parque Vicen",1,"2025"
"Parque Vicente Goncalves Dias",1,"2024"
"Parque Vicente Miranda",1,"2024"
"Parque Visconde Uruari",1,"2024"
"Parque Visconde Ururai",1,"2024"
"Parque Visconde Ururay",1,"2024"
"Paus Amarelos",1,"2024"
"Pechincha",1,"2023"
"Pedregal",1,"2024"
"Pedregral",1,"2024"
"Pipeiras",1,"2023"
"Pirai",1,"2023"
"Pitangueiras",1,"2024"
"Planalto",1,"2024"
"Ponta Coqueiro",1,"2024"
"Ponta Da Grossa",1,"2024"
"Ponta Do Coqueirio",1,"2024"
"Ponta Gossa",1,"2024"
"Ponta Grossa Dos Fidalgos",1,"2024"
"Ponto Da Cacimbas",1,"2023"
"Porto Do Carmo",1,"2024"
"Posto Planicie",1,"2024"
"Praca Tiradente",1,"2024"
"Praia Campista",1,"2023"
"Praia Da Costa",1,"2024"
"Praia Do Aau",1,"2024"
"Praia Do Morro",1,"2024"
"Praia Do Pecado",1,"2024"
"Quixava",1,"2024"
"Radio Velho Farol",1,"2024"
"Recanto",1,"2023"
"Renata Linhares Gomes",1,"2024"
"Res Maria Turri",1,"2023"
"Res Rivieira",1,"2025"
"Resid Praia Ancora",1,"2023"
"Residencial Santo Antonio",1,"2023"
"Residencial Vareza",1,"2024"
"Ribeiro Amaro Bairro",1,"2022"
"Ribeiro Do Amaro",1,"2023"
"Richuelo",1,"2024"
"Rio Do Viveiro",1,"2024"
"Riveira",1,"2023"
"Rivieira",1,"2023"
"Riviera",1,"2024"
"Riviera Fluminense",1,"2023"
"Ro",1,"2024"
"Roda Agua",1,"2024"
"Rua 15",1,"2024"
"Rua Alcides Vieira Maciel",1,"2024"
"Rua Do Alto Do Elizeu",1,"2024"
"Rua Luiz Carlos De Barros Viana",1,"2024"
"Rua Principal",1,"2024"
"Rui Barbosa",1,"2024"
"Sai Caetano",1,"2023"
"Sambra",1,"2024"
"Santa Barbara",1,"2024"
"Santa Edwirges",1,"2024"
"Santa Margarida",1,"2023"
"Santa Rita De Cassaia",1,"2025"
"Santa Tereza",1,"2024"
"Santafe",1,"2024"
"Santo Amaro De Campos",1,"2024"
"Santo Maria De Campos",1,"2022"
"Sao Daniel",1,"2024"
"Sao Francisco",1,"2023"
"Sao Joao Barra",1,"2024"
"Sao Joao Da Barra Bairro",1,"2023"
"Sao Joaoquim",1,"2023"
"Sao Luiz De Mutuca",1,"2023"
"Sao Martins",1,"2024"
"Sao Salvador",1,"2024"
"Sao Sebastiao Lan",1,"2023"
"Sao Vicente De Paula",1,"2025"
"Serramar",1,"2023"
"Setimo Destrito",1,"2023"
"Shopping Estrada",1,"2024"
"Sitio Das Garcas",1,"2023"
"Sitio Quissama",1,"2023"
"Sivio Ferras",1,"2025"
"Sn",1,"2024"
"Solar Jardim",1,"2024"
"Soo Benedito",1,"2023"
"Soo Domingos",1,"2023"
"Soo Jorge",1,"2023"
"Soo Josu",1,"2024"
"Soo Mateus",1,"2023"
"Soo Matheus",1,"2023"
"Soo Sebastiao",1,"2024"
"Tabuinha",1,"2024"
"Tapera 02",1,"2023"
"Tapera 03",1,"2024"
"Tapera 3 Bairro",1,"2023"
"Tapera Casinhas 1",1,"2024"
"Taquarassu",1,"2024"
"Tarcisio Miranda",1,"2024"
"Tele Santana",1,"2024"
"Telesantana",1,"2024"
"Terra Prometido",1,"2024"
"Terra Promotida",1,"2024"
"Terra Promterida",1,"2024"
"Thome",1,"2024"
"Tijuca",1,"2024"
"Tinola",1,"2023"
"Torre Telefonico",1,"2024"
"Tr s Vendas",1,"2024"
"Tra",1,"2024"
"Trajano De Moares",1,"2022"
"Trav",1,"2024"
"Travess o",1,"2024"
"Travessa Arraial",1,"2022"
"Travessa Sao Joaquim",1,"2023"
"Travessao Bairro Arraial",1,"2024"
"Travessao Da Barra",1,"2023"
"Travessoo Bariri",1,"2024"
"Tropical",1,"2024"
"Tropival",1,"2024"
"Uenf",1,"2023"
"Usina Santa Cruz Bairro",1,"2022"
"Usina Santo Amaro",1,"2024"
"Usina Sao Jose",1,"2024"
"Varanda Do Visconde",1,"2024"
"Varnada Do Visconde",1,"2024"
"Vassoura",1,"2024"
"Veneza Residencial",1,"2024"
"Venezas",1,"2024"
"Vicente Conaalves",1,"2024"
"Vila Amendoeira",1,"2024"
"Vila Augusto Moreti",1,"2024"
"Vila Bogari",1,"2023"
"Vila Coroados",1,"2023"
"Vila Cruzeiro",1,"2024"
"Vila Das Amendoeiras",1,"2024"
"Vila Dioneia",1,"2024"
"Vila Palha Guandu",1,"2023"
"Vila Rica",1,"2023"
"Vila Tamarindo",1,"2024"
"Vila Velha",1,"2024"
"Vila Verde",1,"2023"
"Vilage",1,"2023"
"Virgem Santa",1,"2023"
"Visconde 2",1,"2024"
"Visconde De Ururay",1,"2024"
"Vista Alegre",1,"2024"
"Vista Do Paraiba",1,"2025"
"Vitoria",1,"2024"
"Vivenda Do Coq Iiii",1,"2023"
"Volta Da Figueira",1,"2024"
"Volta Redondo",1,"2024"
"Zumbi Dos Palmares",1,"2024"
"c Limpo",1,"2024"
"c Rrego De Ouro",1,"2024"
"p Grossa",1,"2024"
"p Grossa Dos Fidalgos",1,"2024"
"p Saraiva",1,"2024"
"p Vargas",1,"2024"
"s Braga",1,"2024"
"s o Caetano",1,"2023"
"s o Domingos",1,"2023"
"s o Jorge",1,"2023"
"s o Jose",1,"2023"
"s o Martinho",1,"2023"
"s o Mateus",1,"2023"
"s o Sebastiao",1,"2024"
"s o Silvestre",1,"2023"
"s o Vicente",1,"2023"
"v Romana",1,"2024"
