"locked_at","file","sha256","bytes"
"2026-07-03T14:35:03","relatorios\relatorio_dengue_temperatura_abnt.pdf","0277AF97206FD6A15F375DB50C20F958F66B86520D900353E299C3F83A5A86FE","2138246"
"2026-07-03T14:35:03","relatorios\dengue_temperatura_abnt.Rmd","D8FC6788A76FD298530BD203A6C4060D2A443264E174331D3BA3570B5AE7C1E4","7819"
"2026-07-03T14:35:03","tabelas\tabela_diaria_associacao.csv","7D9805FDE26F7B484D8EFDB7D34550EFFC77C5DE96EDD4D6681350C942FB1FDE","122882"
"2026-07-03T14:35:03","tabelas\correlacoes_spearman.csv","781B1EC9DC476EF50FE7E56D33912BF7148979E8CD0802B49152A209CFB78AAF","489"
"2026-07-03T14:35:03","figuras\01_serie_diaria_casos_temperatura.png","4C2C0A1873001D6DA801ABCDBE46DCED9AB83C80FD76678504AEAD290562B349","337231"
"2026-07-03T14:35:03","figuras\02_dispersao_diaria_spearman.png","37633C8A2E19380C8B2494C2769107F0C2009B94E02EA0C149D7C46BF7807155","530071"
"2026-07-03T14:35:03","figuras\03_spearman_por_lag.png","1297775BE2ECF72C686BD8B3637B4A95F5DE451DCE91B4811AE08ADACE621D64","167779"
"2026-07-03T14:35:03","figuras\04_agregado_mensal_spearman.png","85BE12DAE0C85E363D116230A06DF1F41BFE4DB4317753C550EBC4C65E4D6614","220220"
"2026-07-03T14:35:03","figuras\05_agregado_anual_spearman.png","25E16117F9625166184555E70F10E92657EA76AC5E87E9D89CE1A1AC6FD8D865","175049"
"2026-07-03T14:35:03","figuras\06_anomalias_mensais_spearman.png","D244D3650E05CD0C632A2240AD9D8FC10FA053F39772DEF193F2741FE7181149","577591"
