"bairro_original","bairro_key","lat","lon"
"Goitacazes","GOITACAZES",-21.830628,-41.2737524
"Travessao","TRAVESSAO",-21.6019,-41.3128
"Farol De Sao Tome","FAROL DE SAO TOME",-22.0422427,-41.0530626
"Parque Penha","PARQUE PENHA",-21.797,-41.2859
"Tocos","TOCOS",-21.8980825,-41.2893784
"Donana","DONANA",-21.820317,-41.295703
"Tapera","TAPERA",-21.7815114,-41.381421
"Baixa Grande","BAIXA GRANDE",-21.9505815,-41.1347757
"Parque Imperial","PARQUE IMPERIAL",-21.8027359,-41.3031375
"Parque Aeroporto","PARQUE AEROPORTO",NA,NA
"Parque Calabouco","PARQUE CALABOUCO",NA,NA
"Ururai","URURAI",-21.8126057,-41.3951115
"Custodopolis","CUSTODOPOLIS",-21.7248195,-41.3123741
"Saturnino Braga","SATURNINO BRAGA",-21.8833426,-41.2027579
"Parque Brasilia","PARQUE BRASILIA",-21.7430685,-41.3589761
"Parque Vicente Goncalves","PARQUE VICENTE GONCALVES",-21.7487155,-41.3131903
"Boa Vista","BOA VISTA",-22.0179862,-41.1068692
"Parque Rodoviario","PARQUE RODOVIARIO",-21.7679575,-41.3515185
"Parque Santa Clara","PARQUE SANTA CLARA",-21.73359,-41.3043413
"Conselheiro Josino","CONSELHEIRO JOSINO",-21.4996698,-41.343707
"Tres Vendas","TRES VENDAS",-21.6159887,-41.4131829
"Codin","CODIN",-21.7121729,-41.2827181
"Poco Gordo","POCO GORDO",-21.834986,-41.2230495
"Parque Aldeia","PARQUE ALDEIA",-21.727999,-41.3436632
"Parque Lebret","PARQUE LEBRET",NA,NA
"Alphaville","ALPHAVILLE",-21.7830056,-41.3157209
"Ponta Da Lama","PONTA DA LAMA",-21.8392772,-41.432445
"Parque Santa Helena","PARQUE SANTA HELENA",-21.7290853,-41.3252896
"Parque Tropical","PARQUE TROPICAL",NA,NA
"Vila Nova","VILA NOVA",-21.4449546,-41.4076073
"Nova Campos","NOVA CAMPOS",-21.4449546,-41.4076073
"Mineiros","MINEIROS",-21.8782395,-41.2251918
"Parque Flamboyant","PARQUE FLAMBOYANT",-21.7724392,-41.3071378
"Jardim Ceasa","JARDIM CEASA",NA,NA
"Santa Cruz","SANTA CRUZ",-21.7206977,-41.4014565
"Parque Jardim Carioca","PARQUE JARDIM CARIOCA",NA,NA
"Barcelos","BARCELOS",-21.7362876,-41.185163
"Morro Do Coco","MORRO DO COCO",-21.3761477,-41.3464311
"Dores De Macabu","DORES DE MACABU",-21.9882377,-41.5055552
"Guandu","GUANDU",-21.5558882,-41.3252161
"Mussurepe","MUSSUREPE",-21.9321365,-41.1419418
"Babosa","BABOSA",-21.9383831,-41.117143
"Carvao","CARVAO",-21.8435021,-41.3430789
"Penha","PENHA",-21.7972427,-41.2862034
"Campo Novo","CAMPO NOVO",-21.7672905,-41.189837
"Ponta Grossa","PONTA GROSSA",-21.9447874,-41.3373702
"Barbosa","BARBOSA",-21.7850361,-41.3307614
"Parque Varanda Do Visco","PARQUE VARANDA DO VISCO",NA,NA
"Ibitioca","IBITIOCA",-21.8221891,-41.4708142
"Parque Santos Dumont","PARQUE SANTOS DUMONT",NA,NA
"Sao Sebastiao","SAO SEBASTIAO",-21.8543694,-41.2112439
"Canaa","CANAA",-21.6534676,-41.3152181
"Novo Eldorado","NOVO ELDORADO",-21.7232894,-41.2953996
"Santo Amaro","SANTO AMARO",-21.9846434,-41.1303027
"Vivenda Do Coq i","VIVENDA DO COQ I",NA,NA
"Nova Brasilia","NOVA BRASILIA",-21.7430685,-41.3589761
"Nova Goitacazes","NOVA GOITACAZES",-21.8297355,-41.2838954
"Jardim Lagoa Das Pedras","JARDIM LAGOA DAS PEDRAS",NA,NA
"Grussai","GRUSSAI",NA,NA
"Venda Nova","VENDA NOVA",-21.7896991,-41.1879851
"Sao Jorge","SAO JORGE",-21.7502244,-41.304827
"Martins Lage","MARTINS LAGE",-21.758554,-41.2518352
"Terra Prometida","TERRA PROMETIDA",NA,NA
"Nova Canaa","NOVA CANAA",-21.6534676,-41.3152181
"Parque Boa Vista","PARQUE BOA VISTA",-21.7175426,-41.3185712
"Parque Caju","PARQUE CAJU",-21.74407,-41.3368368
"Parque Maciel","PARQUE MACIEL",NA,NA
"Arraial","ARRAIAL",NA,NA
"Rio Preto","RIO PRETO",-21.6813846,-41.5312403
"Campo Limpo","CAMPO LIMPO",-21.8407304,-41.2554533
"Lagoa De Cima","LAGOA DE CIMA",-21.7719814,-41.5163666
"Coqueiro De Tocos","COQUEIRO DE TOCOS",NA,NA
"Vila Romana","VILA ROMANA",NA,NA
"Pelinca","PELINCA",-21.7588783,-41.3332698
"Vila Manhaes","VILA MANHAES",-21.7909525,-41.2773731
"Fazendinha","FAZENDINHA",-21.7955392,-41.2546767
"Brejo Grande","BREJO GRANDE",-21.6748462,-41.2506403
"Serrinha","SERRINHA",-22.0251668,-41.6904444
"Marrecas","MARRECAS",-21.9458196,-41.0516833
"Horto Municipal","HORTO MUNICIPAL",-21.7593,-41.2982
"Santa Ana","SANTA ANA",-21.6319133,-41.2527899
"Saraiva","SARAIVA",-21.8376539,-41.2743234
"Jardim Das Acacias","JARDIM DAS ACACIAS",NA,NA
"Pernambuca","PERNAMBUCA",-21.8073663,-41.4977716
"Balanca Rangel","BALANCA RANGEL",-21.6110845,-41.282016
"Vila Menezes","VILA MENEZES",-21.790703,-41.2718663
"Parque Santa Maria","PARQUE SANTA MARIA",-21.8564316,-41.8321035
"Usina Sapucaia","USINA SAPUCAIA",-21.6549348,-41.4042454
"Cazumba","CAZUMBA",NA,NA
"Correntezas","CORRENTEZAS",NA,NA
"Caxeta","CAXETA",-21.6318319,-41.2694794
"Chatuba","CHATUBA",-21.7865198,-41.3382826
"Sao Benedito","SAO BENEDITO",-21.7620376,-41.5229895
"Sao Martinho","SAO MARTINHO",-22.0100134,-41.2112462
"Atafona","ATAFONA",NA,NA
"Outeiro","OUTEIRO",-21.6024579,-41.4208988
"Caxias De Tocos","CAXIAS DE TOCOS",-21.8893721,-41.2965291
"Guarus","GUARUS",-21.718068,-41.3232559
"Santa Rosa","SANTA ROSA",-21.4112253,-41.2811891
"Km 14","KM 14",-21.7546,-41.3242
