"Ano","NM_BAIRRO","n"
2020,"ALPHAVILLE",1
2020,"BAIRRO IGNORADO",1
2020,"CAJU",1
2020,"CENTRO",2
2020,"CODIM",1
2020,"GOYTACASES",1
2020,"HORTO",1
2020,"JARDIM CARIOCA",1
2020,"PARQUE LEOPOLDINA",1
2020,"PQ FLAMBOYANT",1
2020,"PQ PECUARIA",1
2020,"PQ PENHA",1
2020,"PQ PRESIDENTE VARGAS",1
2020,"SATURNINO BRAGA",1
2020,"SERRINHA",1
2020,"TRAVESSAO",1
2021,"BARCELOS",1
2021,"CAMPO NOVO",1
2021,"CENTRO",8
2021,"CUSTODOPOLIS",1
2021,"DONANA",3
2021,"GOITACAZES",1
2021,"GOYTACASES",2
2021,"GUARUS",1
2021,"IPS",2
2021,"JARDIM CARIOCA",1
2021,"JD CARIOCA",1
2021,"JOCKEY CLUB",1
2021,"LAPA",2
2021,"MUNDEUS",1
2021,"OQ NOVA BRASILIA",1
2021,"PELINCA",2
2021,"PENHA",2
2021,"POþO GORDO",1
2021,"PQ ALPLAVILLE",1
2021,"PQ AURORA",4
2021,"PQ BOA VISTA",1
2021,"PQ CAJU",1
2021,"PQ CALIFORNIA",1
2021,"PQ FUNDAO",1
2021,"PQ GUARUS",1
2021,"PQ IMPERIAL",2
2021,"PQ JD CARIOCA",1
2021,"PQ JOCKEY CLUB",4
2021,"PQ LEOPOLDINA",3
2021,"PQ PENHA",3
2021,"PQ PRAZERES",1
2021,"PQ RODOVIARIO",1
2021,"PQ ROSARIO",3
2021,"PQ SANTO AMARO",1
2021,"PQ SAO BENEDITO",1
2021,"PQ SAO CAETANO",2
2021,"PQ SAO JOSE",3
2021,"PQ TURF CLUB",3
2021,"PQ VERA CRUZ",2
2021,"PQ ZUZA MOTA",2
2021,"SANTA CRUZ",1
2021,"SANTO AMARO",1
2021,"SAO JOSE",1
2021,"TAPERA",1
2021,"TRAVESSAO",2
2021,"TURF CLUB",1
2021,"USINA SANTO ANTONIO",1
2021,"VENDA NOVA",1
2021,"VISCONDE DE URURAI",1
2022,"ACU",1
2022,"ALPHAVILLE",4
2022,"AURORA",1
2022,"AZEITONA",1
2022,"BABOSA",1
2022,"BAIXA GRANDE",4
2022,"BARBOSA",1
2022,"BARCELOS",7
2022,"CAJU",5
2022,"CAMPO NOVO",5
2022,"CARVAO",2
2022,"CAXIAS DE TOCOS",1
2022,"CAZUMBA",1
2022,"CENTRO",69
2022,"CHAPEU DO SOL",1
2022,"CODIM",3
2022,"CONSELHEIRO JOSINO",5
2022,"COQUEIRO DE TOCOS",2
2022,"COROA",1
2022,"CORREGO",1
2022,"CORRENTEZAS",2
2022,"CORRIENTES",1
2022,"CORRINTES",1
2022,"CUSTODOPOLIS",6
2022,"DONANA",8
2022,"DORES DE MACABU",6
2022,"ESPIADOR",1
2022,"ESPINHO",1
2022,"ESPLANADA",1
2022,"ESTANCIA DA PENHA",1
2022,"FAROL DE SAO TOME",6
2022,"FAZENDINHA",1
2022,"FLORESTA",1
2022,"FOGUETE",1
2022,"FUNDAO",2
2022,"GOITACAZES",4
2022,"GOYTACASES",20
2022,"GOYTACAZES",2
2022,"GRUSSAI",3
2022,"GUARUS",1
2022,"HORTO MUNICIPAL",4
2022,"IBITIOCA",2
2022,"IPS",8
2022,"ITERERE",1
2022,"JARDIM CARIOCA",14
2022,"JARDIM DAS ACACIAS",1
2022,"JARDIM DE CAMPOS",1
2022,"JD CARIOCA",23
2022,"JD PRIMAVERA",1
2022,"JOCKEY",2
2022,"JOQUEI CLIB",1
2022,"KM 8",1
2022,"LAPA",9
2022,"LEOPOLDINA",1
2022,"LIBERDADE",1
2022,"MARTINS LAGE",2
2022,"MINEIROS",1
2022,"MORANGABA",1
2022,"MUNDEUS",1
2022,"MURUNDU",1
2022,"MUSSUREPE",1
2022,"NOGUEIRA",1
2022,"NOVA BRASILIA",10
2022,"NOVA CAMPOS",5
2022,"NOVA CANAA",2
2022,"NOVA GOITACAZES",1
2022,"NOVA GOYTACAZES",4
2022,"NOVO ELDORADO",4
2022,"NOVO JOCKEY",1
2022,"OUTEIRO",1
2022,"PARQUE BARAO DO RIO BRANCO",1
2022,"PARQUE GUARUS",1
2022,"PECUARIA",4
2022,"PELINCA",4
2022,"PENHA",6
2022,"POCO GORDO",4
2022,"PONTA DA LAMA",3
2022,"PQ AEROPORTO",10
2022,"PQ ALDEIA",4
2022,"PQ ALDEIA 1 - BAIRRO",1
2022,"PQ ALVORADA",11
2022,"PQ AURORA",46
2022,"PQ BANDEIRANTES",3
2022,"PQ BARAO DO RIO BRANCO",15
2022,"PQ BELA VISTA",5
2022,"PQ BOA VISTA",1
2022,"PQ BRASILIA",10
2022,"PQ CALABOUCO",9
2022,"PQ CALIFORNIA",28
2022,"PQ CIDADE LUZ",12
2022,"PQ CORRIENTES",12
2022,"PQ DOM BOSCO",1
2022,"PQ ELDORADO",14
2022,"PQ ESPLANADA",23
2022,"PQ FLAMBOYANT",6
2022,"PQ FUNDAO",4
2022,"PQ GUARUS",33
2022,"PQ IMPERIAL",7
2022,"PQ JD CARIOCA",5
2022,"PQ JOAO MARIA",7
2022,"PQ JOCKEY CLUB",43
2022,"PQ JULIAO NOGUEIRA",7
2022,"PQ LEBRET",4
2022,"PQ LEOPOLDINA",31
2022,"PQ MACIEL",1
2022,"PQ NOVA BRASILIA",6
2022,"PQ NOVA ELDORADO",1
2022,"PQ NOVO JOCKEY",30
2022,"PQ NOVO MUNDO",5
2022,"PQ PECUARIA",22
2022,"PQ PENHA",15
2022,"PQ PRAZERES",50
2022,"PQ PRESID VARGAS",9
2022,"PQ RODOVIARIO",7
2022,"PQ ROSARIO",17
2022,"PQ SANTA CLARA",8
2022,"PQ SANTA HELENA",5
2022,"PQ SANTA ROSA",15
2022,"PQ SANTO AMARO",6
2022,"PQ SANTO ANTONIO",4
2022,"PQ SANTOS DUMONT",1
2022,"PQ SAO BENEDITO",12
2022,"PQ SAO CAETANO",7
2022,"PQ SAO JORGE",1
2022,"PQ SAO JOSE",10
2022,"PQ SAO MATEUS",10
2022,"PQ SAO SILVESTRE",7
2022,"PQ TAMANDARE",17
2022,"PQ TARCISIO MIRANDA",7
2022,"PQ TURF CLUB",29
2022,"PQ VARANDA DO VISCO",2
2022,"PQ VERA CRUZ",7
2022,"PQ VICENTE GONCALVES",9
2022,"PRACA JOAO PESSOA",1
2022,"RIBEIRO AMARO - BAIRRO",1
2022,"RIO PRETO",2
2022,"SABONETE",1
2022,"SANTA ANA",1
2022,"SANTA CLARA",1
2022,"SANTA CRUZ",22
2022,"SANTA ROSA",2
2022,"SANTO ANTONIO",1
2022,"SANTO MARIA DE CAMPOS",1
2022,"SAO BENEDITO",2
2022,"SAO CAETANO",1
2022,"SAO JOAQUIM",1
2022,"SAO JORGE",2
2022,"SAO MARTINHO",1
2022,"SAO MATHEUS",1
2022,"SARAIVA",2
2022,"SATURNINO BRAGA",3
2022,"SERRINHA",1
2022,"TAPERA",28
2022,"TAPERA 1",1
2022,"TAPERA 2",2
2022,"TAPERA I",1
2022,"TAPERA II",1
2022,"TAPERA III",1
2022,"TERRA PROMETIDA",4
2022,"TOCOS",5
2022,"TRAJANO DE MOARES",1
2022,"TRAVESSA ARRAIAL",1
2022,"TRAVESSAO",26
2022,"TRES VENDAS",4
2022,"TURF CLUB",2
2022,"URURAI",14
2022,"USINA CAMBAIBA",1
2022,"USINA SANTA CRUZ",4
2022,"USINA SANTA CRUZ - BAIRRO",1
2022,"USINA SANTO ANTONIO",1
2022,"USINA SAPUCAIA",1
2022,"VEIGA",1
2022,"VENDA NOVA",4
2022,"VILA DOS COROADOS",1
2022,"VILA MANHAES",2
2022,"VILA ROMANA",1
2022,"VIVENDA DO COQ I",2
2022,"VIVENDA DOS COQ II",1
2023,"ACU",3
2023,"AEROPORTO",1
2023,"AFTIMA",1
2023,"AGUA SANTA",5
2023,"ALDEIA",3
2023,"ALDEIA 1",1
2023,"ALDEIA 2",2
2023,"ALDEIA I",1
2023,"ALDEIA II",4
2023,"ALPHAVILE",1
2023,"ALPHAVILLE",39
2023,"ALPHAVILLE 2",1
2023,"ALPHAVILLE II",1
2023,"ALPHAVILLE III",1
2023,"ALTO DA BOA VISTA",1
2023,"ALTO DE AREIAS",1
2023,"ALVORADA",3
2023,"AMPARO",1
2023,"ANCORA",1
2023,"ANGELIM",2
2023,"ATAFONA",26
2023,"AURORA",2
2023,"BABOSA",1
2023,"BAIXA GRANDE",30
2023,"BALANCA RANGEL",1
2023,"BALNEARIO REMANSO",1
2023,"BANANAL",1
2023,"BARAO",1
2023,"BARAO DE MACAUBAS",2
2023,"BARCELOS",81
2023,"BARRA DO FURADO",2
2023,"BARRA DO ITABAPOANA",5
2023,"BARRA DO JACARE",2
2023,"BARREIRO",1
2023,"BARÃO DE MACAÚBAS",1
2023,"BEIRA DO TAI",2
2023,"BELA VISTA",1
2023,"BOA ESPERANÃA",2
2023,"BOA VISTA",41
2023,"BOCAINA",1
2023,"BOM SUCESSO",1
2023,"BOSQUE DAS ACACIAS",1
2023,"BREJO GRANDE",6
2023,"BUENA",1
2023,"BUGALHO",5
2023,"CACHOEIRO",2
2023,"CAIXOEIRA AMOROSA",1
2023,"CAJU",21
2023,"CAJUEIRO",7
2023,"CALABOUCO",1
2023,"CAMPO  DE AREIA",1
2023,"CAMPO DE AREIA",2
2023,"CAMPO LIMP",1
2023,"CAMPO LIMPO",8
2023,"CAMPO NOVO",43
2023,"CANAA",4
2023,"CANAL DAS FLECHAS",1
2023,"CANAL DAS FLEXAS",2
2023,"CANTAGALO",1
2023,"CAPAO",4
2023,"CARMO",2
2023,"CARVAO",13
2023,"CAVALEIROS",2
2023,"CAXETA",5
2023,"CAXIAS",4
2023,"CAXIAS DE TOCOS",7
2023,"CAZUMBA",6
2023,"CEASA",1
2023,"CENTRO",607
2023,"CHAPEU DE SOL",1
2023,"CHATUBA",7
2023,"CIDADE LUZ",5
2023,"CIDADE PRAIANA",1
2023,"CIMENTO PARAISO",2
2023,"CODIM",48
2023,"CONCEICAO DO IMBE",1
2023,"CONSELHEIRO JOSINO",84
2023,"COQUEIRO DE TOCOS",3
2023,"CORRENTEZAS",1
2023,"COSTA AZUL",5
2023,"CUSTODOPOLIS",96
2023,"DEGREDO",4
2023,"DIVINEIA",1
2023,"DOM BOSCO",1
2023,"DONANA",153
2023,"DORES DE MACABU",20
2023,"ELDORADO",5
2023,"ENSEADA DAS GAIVOTAS",1
2023,"ERNESTO MACHADO",1
2023,"ESPINHO",6
2023,"ESTRADA DO SACO",1
2023,"ESTRADA VEIGA",1
2023,"FAROL DE SAO TOME",63
2023,"FAZENDA BOA VISTA",1
2023,"FAZENDA CAMPELO",1
2023,"FAZENDA FRANCA",1
2023,"FAZENDINHA",6
2023,"FLAMBOYANT",1
2023,"FLAMOYANT",1
2023,"FLORESTA",1
2023,"FUNDAO",4
2023,"GAMBOA",1
2023,"GARGAU",4
2023,"GARGAÚ",1
2023,"GOITACAZES",15
2023,"GOYTACASES",296
2023,"GOYTACAZES",5
2023,"GRANJA DOS CAVALEIROS",2
2023,"GRUSSAI",35
2023,"GUANDU",12
2023,"GUARNIERI",1
2023,"GUARUS",5
2023,"GUAXINDIBA",3
2023,"GURIRI",1
2023,"HORTO",1
2023,"HORTO MUNICIPAL",6
2023,"IBITIOCA",18
2023,"IBURI",1
2023,"IMBURI DE CAMPOS",1
2023,"IMPERIAL",3
2023,"IPS",36
2023,"IPUCA",8
2023,"ITERERE",1
2023,"ITERERÚ",1
2023,"JARDIM ACACIAS",1
2023,"JARDIM BELA VISTA",1
2023,"JARDIM BOTANICO",1
2023,"JARDIM CAMPOS",1
2023,"JARDIM CARIOCA",67
2023,"JARDIM CARIOVA",1
2023,"JARDIM CEASA",1
2023,"JARDIM DAS ACACIAS",6
2023,"JARDIM DAS PALMEIRAS",1
2023,"JARDIM MARIA QUEIROZ",1
2023,"JARDIM MARILEA",11
2023,"JARDIM PINHEIRO",1
2023,"JARDIM PRIMAVERA",1
2023,"JARDIM VITORIA",2
2023,"JD CARIOCA",92
2023,"JD CEASA",26
2023,"JD DAS ACACIAS",1
2023,"JD LAGOA DAS PEDRAS",13
2023,"JOAO SEIXAS",2
2023,"JOCKEY",3
2023,"JOCKEY 02",1
2023,"JOCKEY 2",3
2023,"JOCKEY CLUB",1
2023,"JOCKEY II",1
2023,"JOQUEI CLUB",10
2023,"JUAREZ",1
2023,"KM 08",1
2023,"KM 10",1
2023,"KM 14",1
2023,"KM 15",1
2023,"KM 8",3
2023,"LAGOA",3
2023,"LAGOA DE CIMA",7
2023,"LAGOA DOCE",1
2023,"LAPA",46
2023,"LARGO DO GARCIA",1
2023,"LEBRET",4
2023,"LEONS",1
2023,"LIBERDADE",1
2023,"LOT ATLANTICA",1
2023,"MACUCO",3
2023,"MARCELO",1
2023,"MARIMBONDO",1
2023,"MARRECAS",3
2023,"MARTINS LAGE",29
2023,"MATADOURO",3
2023,"MATO ESCURO",2
2023,"MINEIROS",17
2023,"MIRANTE DA LAGOA",1
2023,"MONTESE",1
2023,"MORANGABA",2
2023,"MORRO DO COCO",19
2023,"MORRO GRANDE",1
2023,"MUNDEUS",2
2023,"MUSSUREPE",2
2023,"NOSSA SENHORA APARECIDA",1
2023,"NOVA BASILIA",1
2023,"NOVA BELEM",1
2023,"NOVA BRASIIA",1
2023,"NOVA BRASILIA",32
2023,"NOVA CAMPOS",40
2023,"NOVA CANAA",14
2023,"NOVA CANNA",1
2023,"NOVA CIDADE",2
2023,"NOVA CIDADE LUZ",1
2023,"NOVA DIVINEIA",3
2023,"NOVA ELDORADO",2
2023,"NOVA GOITACAZES",7
2023,"NOVA GOYTACAZES",15
2023,"NOVA GRUSSAI",1
2023,"NOVA SANTA CLARA",1
2023,"NOVA SAO JOAO DA BARRA",3
2023,"NOVO",1
2023,"NOVO AEROPORTO",1
2023,"NOVO ELDORADO",32
2023,"NOVO GOYTACAZES",1
2023,"NOVO HORIZONTE",1
2023,"NOVO JOCKEY",1
2023,"NOVO MUNDO",2
2023,"NOVO RIO DAS OSTRAS",1
2023,"OLIVEIRA BOTELHO",1
2023,"OUTEIRO",9
2023,"PALMARES",3
2023,"PARQUE FUNDAO",1
2023,"PARQUE INDUSTRIAL",1
2023,"PARQUE LEOPOLDINA",1
2023,"PARQUE PRAZERES",1
2023,"PARQUE SANTO AMARO",1
2023,"PECHINCHA",1
2023,"PECUARIA",6
2023,"PELINCA",9
2023,"PENHA",31
2023,"PERNAMBUCA",4
2023,"PIPEIRAS",1
2023,"PIRAI",1
2023,"PITEIRAS",2
2023,"PLANICIE",2
2023,"POCO GORDO",17
2023,"PONTA DA LAMA",29
2023,"PONTA GROSSA",10
2023,"PONTO DA CACIMBAS",1
2023,"POÃO GORDO",2
2023,"POþO GORDO",3
2023,"PQ  PRAZERES",1
2023,"PQ - SAO GREGORIO",1
2023,"PQ AEROPORTO",112
2023,"PQ ALDEIA",35
2023,"PQ ALVORADA",63
2023,"PQ AURORA",213
2023,"PQ BANDEIRANTES",23
2023,"PQ BARAO DO RIO BRANCO",90
2023,"PQ BELA VISTA",23
2023,"PQ BOA VISTA",22
2023,"PQ BONSUCESSO",3
2023,"PQ BRASILIA",51
2023,"PQ CAJU",23
2023,"PQ CALABOUCO",65
2023,"PQ CALIFORNIA",119
2023,"PQ CANAA",1
2023,"PQ CEASA",2
2023,"PQ CIDADE LUZ",78
2023,"PQ CORRIENTES",75
2023,"PQ ELDORADO",143
2023,"PQ ESPLANADA",137
2023,"PQ FLAMBOYANT",27
2023,"PQ FUNDAO",25
2023,"PQ GANDU",1
2023,"PQ GUARUS",188
2023,"PQ IMPERIAL",119
2023,"PQ JD CARIOCA",92
2023,"PQ JOAO MARIA",38
2023,"PQ JOCKEY CLUB",405
2023,"PQ JOCKEY CLUB 2",1
2023,"PQ JOSE DO PATROCINIO",1
2023,"PQ JULIAO NOGUEIRA",41
2023,"PQ LEBRET",50
2023,"PQ LEOPOLDINA",130
2023,"PQ MACIEL",22
2023,"PQ NOVA CANAÒ",2
2023,"PQ NOVO JOCKEY",267
2023,"PQ NOVO MUNDO",107
2023,"PQ PECUARIA",102
2023,"PQ PENHA",228
2023,"PQ PRAZERES",264
2023,"PQ PRESID VARGAS",81
2023,"PQ REAL",2
2023,"PQ RIO PRETO",1
2023,"PQ RODOVIARIO",56
2023,"PQ ROSARIO",143
2023,"PQ SALO BRAND",4
2023,"PQ SANTA CLARA",75
2023,"PQ SANTA HELENA",26
2023,"PQ SANTA MARIA",5
2023,"PQ SANTA ROSA",121
2023,"PQ SANTO AMARO",45
2023,"PQ SANTO ANTONIO",36
2023,"PQ SANTOS DUMONT",8
2023,"PQ SAO BENEDITO",37
2023,"PQ SAO CAETANO",76
2023,"PQ SAO DOMINGOS",9
2023,"PQ SAO JORGE",2
2023,"PQ SAO JOSE",29
2023,"PQ SAO MATEUS",33
2023,"PQ SAO SILVESTRE",35
2023,"PQ SARAIVA",7
2023,"PQ TAMANDARE",71
2023,"PQ TAR",1
2023,"PQ TARCISIO MIRANDA",67
2023,"PQ TROPICAL",23
2023,"PQ TURF CLUB",184
2023,"PQ VARANDA DO VISCO",26
2023,"PQ VENDA NOVA",1
2023,"PQ VERA CRUZ",18
2023,"PQ VICENTE GONCALVES",121
2023,"PQ ZUZA MOTA",2
2023,"PRACA JOAO PESSOA",3
2023,"PRAIA CAMPISTA",1
2023,"PRAZERES",6
2023,"PUREZA",12
2023,"QUILOMBO",2
2023,"REAL",3
2023,"RECANTO",1
2023,"RECANTO DA PENHA",1
2023,"RECANTO DAS PALMEIRAS",1
2023,"RECREIO",3
2023,"RES MARIA TURRI",1
2023,"RESID PORTO SEGURO",1
2023,"RESID PRAIA ANCORA",1
2023,"RESIDENCIAL SANTO ANTONIO",1
2023,"RESIDENCIAL VENEZA",1
2023,"RESIDENCIAL VEREDAS",1
2023,"RIBEIRO AMPARO",2
2023,"RIBEIRO DO AMARO",1
2023,"RIO PRETO",7
2023,"RIVEIRA",1
2023,"RIVIEIRA",1
2023,"RIVIERA FLUMINENSE",1
2023,"ROSARIO",3
2023,"SABONETE",2
2023,"SALDANHA DA GAMA",3
2023,"SANTA ANA",14
2023,"SANTA CLARA",4
2023,"SANTA CRUZ",24
2023,"SANTA HELENA",1
2023,"SANTA MARGARIDA",1
2023,"SANTA MARIA",1
2023,"SANTA RITA",2
2023,"SANTA ROSA",10
2023,"SANTO AMARO",8
2023,"SANTO ANTONIO",1
2023,"SANTO EDUARDO",3
2023,"SAO BENEDITO",6
2023,"SAO CAETANO",5
2023,"SAO DOMINGOS",1
2023,"SAO FIDELIS",2
2023,"SAO FRANCISCO",1
2023,"SAO JOAO DA BARRA - BAIRRO",1
2023,"SAO JOAOQUIM",1
2023,"SAO JOAQUIM",1
2023,"SAO JORGE",17
2023,"SAO JOSE",2
2023,"SAO LUIZ",1
2023,"SAO LUIZ DE MUTUCA",1
2023,"SAO MARTINHO",1
2023,"SAO MATEUS",1
2023,"SAO SEBASTIAO",8
2023,"SAO SEBASTIAO LAN",1
2023,"SAO SILVESTRE",2
2023,"SARAIVA",10
2023,"SATURNINO BRAGA",41
2023,"SAUDADE",1
2023,"SAı CAETANO",1
2023,"SERRAMAR",1
2023,"SERRINHA",2
2023,"SETIMO DESTRITO",1
2023,"SITIO DAS GARCAS",1
2023,"SITIO QUISSAMA",1
2023,"SOLAR DA PENHA",8
2023,"SÒO BENEDITO",1
2023,"SÒO CAETANO",6
2023,"SÒO DOMINGOS",1
2023,"SÒO JORGE",1
2023,"SÒO JOSE",2
2023,"SÒO MATEUS",1
2023,"SÒO MATHEUS",1
2023,"S├O CAETANO",1
2023,"S├O DOMINGOS",1
2023,"S├O JORGE",1
2023,"S├O JOSE",1
2023,"S├O MARTINHO",1
2023,"S├O MATEUS",1
2023,"S├O SILVESTRE",1
2023,"S├O VICENTE",1
2023,"TAPERA",154
2023,"TAPERA 02",1
2023,"TAPERA 2",3
2023,"TAPERA 3",3
2023,"TAPERA 3- BAIRRO",1
2023,"TAPERA I",3
2023,"TAPERA II",2
2023,"TAPERA III",2
2023,"TERRA NOVA",1
2023,"TERRA PROMETIDA",40
2023,"TINOLA",1
2023,"TOCAIA",1
2023,"TOCOS",96
2023,"TRAVESSA SAO JOAQUIM",1
2023,"TRAVESSAO",190
2023,"TRAVESSAO DA BARRA",1
2023,"TRAVESSAO DE BARRA",2
2023,"TRES VENDAS",25
2023,"TURF",5
2023,"TURF CLUB",3
2023,"UENF",1
2023,"URURAI",87
2023,"USINA CAMBAIBA",4
2023,"USINA SANTA CRUZ",2
2023,"USINA SAO JOAO",9
2023,"USINA SAPUCAIA",11
2023,"VALAO SECO",1
2023,"VEIGA",2
2023,"VENDA NOVA",22
2023,"VERA CRUZ",1
2023,"VEREDAS",4
2023,"VICENTE DIAS",3
2023,"VILA ALMEIDA",2
2023,"VILA BOGARI",1
2023,"VILA COROADOS",1
2023,"VILA DA RAINHA",3
2023,"VILA DOS COROADOS",8
2023,"VILA INDUSTRIAL",10
2023,"VILA MANHAES",5
2023,"VILA MENEZES",4
2023,"VILA NOVA",22
2023,"VILA PALHA GUANDU",1
2023,"VILA RICA",1
2023,"VILA VERDE",1
2023,"VILAGE",1
2023,"VIRGEM SANTA",1
2023,"VISCONDE DE ARAUJO",1
2023,"VISCONDE DE URURAI",3
2023,"VIVENDA DO COQ I",10
2023,"VIVENDA DO COQ IIII",1
2023,"VIVENDA DOS COQ II",1
2024,"6 MARIAS",1
2024,"ACU",7
2024,"AEROPORTO",2
2024,"AGUA PRETA",8
2024,"AGUA SANTA",2
2024,"AGUAS DAS PEDRAS",1
2024,"AJUDA DE BAIXO",1
2024,"ALBUQUERQUE'",1
2024,"ALDEIA",1
2024,"ALDEIA 1",1
2024,"ALDEIA 2",3
2024,"ALEGRIA DOS ANJOS",1
2024,"ALFAVILLE",1
2024,"ALPHA GREEN",1
2024,"ALPHAVILLE",99
2024,"ALPHVILLE 2",1
2024,"ALTO ALEGRE",1
2024,"ALTO CAMARO",1
2024,"ALTO DE AREIAS",10
2024,"ALTO DO ELISEU",4
2024,"ALVORADA",2
2024,"AMENDOEIRA",6
2024,"ANGELICA",1
2024,"ANGELIM",2
2024,"AREAL",1
2024,"AROEIRA",1
2024,"ARRAIAL",48
2024,"ARRAIAL - TRAVESSAO",1
2024,"ARTUR BERNARDES",1
2024,"ASILO DO CARMO Q",1
2024,"ATAFONA",2
2024,"ATERRO",1
2024,"AURORA",1
2024,"AZEITONA",1
2024,"AþU",2
2024,"BABORA",1
2024,"BABOSA",101
2024,"BAIRRO DA GLORIA",1
2024,"BAIXA GANDE",1
2024,"BAIXA GRANDE",416
2024,"BALANCA RANGEL",36
2024,"BALNEÁRIO",1
2024,"BANDEIRANTES",1
2024,"BARAO DE MACABU",1
2024,"BARAO DE MACAUBAS",2
2024,"BARBOSA",75
2024,"BARCELOS",21
2024,"BARIRI",6
2024,"BARRA DE MACAE",1
2024,"BARRA DO ITABAPOANA",6
2024,"BARRA DO RIO BRANCO",1
2024,"BARRA FUNDA",1
2024,"BARRA GRANDE",2
2024,"BARREIRO",1
2024,"BARRO VERMELHO",1
2024,"BARÃO DE MACAÚBAS",2
2024,"BEDA",1
2024,"BEIRA DO TAI",1
2024,"BELA VISTA",1
2024,"BEM VIVER",2
2024,"BENTO RIBEIRO",1
2024,"BOA VISTA",187
2024,"BOCA DA BARRA",1
2024,"BOM JARDIM",1
2024,"BOM JESUS",1
2024,"BOM SUCESSO",1
2024,"BOMSUCESSO",1
2024,"BOSQUE DAS ACACIAS",1
2024,"BOTAFOGO",1
2024,"BR 1011 KM 03",1
2024,"BREJO GRANDE",32
2024,"BRIRIRI",1
2024,"BUENA",4
2024,"BUGALHO",14
2024,"C LIMPO",1
2024,"CAANA",1
2024,"CABOIO",4
2024,"CACHOEIRO",6
2024,"CAJU",133
2024,"CAJUEIRO",2
2024,"CALABOUCO",2
2024,"CALIFORNIA",4
2024,"CAMBAIBA",2
2024,"CAMBUCI",1
2024,"CAMPO DA AREIA",3
2024,"CAMPO DE AREA",1
2024,"CAMPO DE AREIA",10
2024,"CAMPO GRANDE",1
2024,"CAMPO LIMPO",38
2024,"CAMPO NOVO",44
2024,"CAMPOS DE AREIA",1
2024,"CAMPOS LIMPO",2
2024,"CANAA",66
2024,"CANAAN",3
2024,"CANAL DAS FLECHAS",1
2024,"CANAL DAS FLEXAS",1
2024,"CANNA",3
2024,"CANTAGALO",1
2024,"CANTO DO RIO",2
2024,"CANTO DO RIO TOXOS",1
2024,"CANTO DOS FERREIRA",1
2024,"CAPAO",8
2024,"CAPELO",1
2024,"CARAVELAS",1
2024,"CARDOSO MOREIRA",2
2024,"CARIOCA",1
2024,"CARMO",8
2024,"CARVAO",87
2024,"CARVÒO",1
2024,"CASA",1
2024,"CASUMBA",2
2024,"CATARINO",3
2024,"CAXETA",24
2024,"CAXIA DE TOCOS",3
2024,"CAXIAS",15
2024,"CAXIAS DE TOCOS",19
2024,"CAXUMBA",1
2024,"CAZUMBA",26
2024,"CAZUMBß",2
2024,"CAZUNBA",1
2024,"CEASA",1
2024,"CENTR",1
2024,"CENTRIO",1
2024,"CENTRO",1118
2024,"CENTRO MESQUITA",1
2024,"CHATUBA",24
2024,"CHAVE DO PARAISO",9
2024,"CIDADE JARDIM",3
2024,"CIDADE JARDINS",1
2024,"CIDADE LUZ",10
2024,"CIDADE NOVA",1
2024,"CIMENTO PARAISO",3
2024,"COBRA VELHA",3
2024,"CODIEU",1
2024,"CODIM",115
2024,"COLEGIO",1
2024,"COLINAS",1
2024,"COLONIA",1
2024,"CONCEICAO DO IMBE",17
2024,"CONCEIÃ├O DO IMBE",1
2024,"CONRENTEZA",1
2024,"CONRRETEZA",1
2024,"CONSELHEIRO JOSINO",116
2024,"COQUEIRO DE TOCOS",40
2024,"COQUEIROS",2
2024,"CORREGO DO OURO",1
2024,"CORREGO FUNDO",1
2024,"CORRENTEZAS",29
2024,"CORRIENTES",1
2024,"COSMOS",1
2024,"COSTA AZUL",5
2024,"CRISTO REI",2
2024,"CRISTO REIS",1
2024,"CUBANGO",1
2024,"CUPIM",1
2024,"CURICICA",1
2024,"CUSTODOOLIS",1
2024,"CUSTODOPOLIS",218
2024,"CUSTOPOLIS",1
2024,"C¾rrego de ouro",1
2024,"DOM BOSCO",1
2024,"DOMANA",1
2024,"DONANA",520
2024,"DORES DE MACABU",73
2024,"DOUTOR LOURENCO",1
2024,"ED SALETE",1
2024,"ELD",1
2024,"ELDO",1
2024,"ELDORADO",7
2024,"ENGENHO NOVO",1
2024,"ERNESTO MACHADO",2
2024,"ESPIADOR",1
2024,"ESPINHO",16
2024,"ESPIRITO SANTO",1
2024,"EST DA PENHA",1
2024,"ESTANCIA",4
2024,"ESTANCIA DA PENHA",8
2024,"ESTRADA NOVA",1
2024,"EUDONADO",1
2024,"EUSTODOPOLES",1
2024,"EXT SERRAMAR",1
2024,"FAR,",1
2024,"FARL - NAUTICO",1
2024,"FAROL",8
2024,"FAROL - XEX╔",1
2024,"FAROL DE SAO TOME",1471
2024,"FAROL DE SAO TOME - RADIO VELHO",1
2024,"FAROL XEXE",1
2024,"FAZENDA BOA VISTA",8
2024,"FAZENDA CAMPELO",17
2024,"FAZENDA CONCEICAO DA BARRA",1
2024,"FAZENDA GRANDE",3
2024,"FAZENDA JACARANDA",1
2024,"FAZENDINHA",35
2024,"FLORESTA",8
2024,"FRANCISCO MIRANDA",1
2024,"FRONTEIRA",1
2024,"FUNDAO",3
2024,"FUNDÒO",1
2024,"GAIVOTA",1
2024,"GAMBOA",2
2024,"GARDENIA AZUL",1
2024,"GARGAU",4
2024,"GIRO FAISCA",3
2024,"GIRO FAUCO",1
2024,"GOITACAZES",14
2024,"GOY",1
2024,"GOYTACASES",1548
2024,"GOYTACAZES",11
2024,"GRANJA DOS CAVALEIROS",3
2024,"GRAVATA",1
2024,"GRUPIARIA",1
2024,"GRUSSAI",26
2024,"GUANDU",90
2024,"GUARUS",20
2024,"GUAXINDIBA",4
2024,"GURIRI",6
2024,"HIGIENOPOLIS",1
2024,"HONORIO GURGEL",1
2024,"HORTO MUNICIPAL",25
2024,"IBITIOCA",54
2024,"IMBURI",5
2024,"IMBURI DE CAMPOS",1
2024,"IMPERIAL",1
2024,"INDUSTRIAL",1
2024,"INGA",2
2024,"IOS",1
2024,"IPS",112
2024,"IPUCA",5
2024,"ITAIM PAULISTA",1
2024,"ITAPERANGA",1
2024,"ITERERE",17
2024,"JARDIIM DAS FIGUEIRAS",1
2024,"JARDIM AEROPORTO",1
2024,"JARDIM ATLANTICO",1
2024,"JARDIM BOTANICO",2
2024,"JARDIM CAMBURI",1
2024,"JARDIM CAMPOMAR",1
2024,"JARDIM CAMPOS",1
2024,"JARDIM CARIOCA",11
2024,"JARDIM CEASA",1
2024,"JARDIM DAS ACACIAS",3
2024,"JARDIM DAS ACASSIA",1
2024,"JARDIM DAS PALMEIRAS",1
2024,"JARDIM DE CAMPOS",2
2024,"JARDIM IDEAL",1
2024,"JARDIM MARIA QUEIROZ",1
2024,"JARDIM MARICEA",1
2024,"JARDIM MARILEA",4
2024,"JARDIM MIRIAM",1
2024,"JARDIM PARAISO",1
2024,"JARDIM PRIMAVERA",3
2024,"JARDIM SAO LUIZ",1
2024,"JARDIM SAO PAULO",1
2024,"JARDIM TROPICAL",1
2024,"JD AEROPORTO",1
2024,"JD BOTANICO",1
2024,"JD CARIOCA",459
2024,"JD CEASA",87
2024,"JD DAS ACACIAS",25
2024,"JD LAGOA DAS PEDRAS",48
2024,"JD PARAISO",1
2024,"JD PRIMAVERA",1
2024,"JOAO MARIA",1
2024,"JOAO SEIXAS",1
2024,"JOCKEY 2",2
2024,"JOCKEY CLUB",3
2024,"JOCKEY II",2
2024,"JONAS DE ALMEIDA E SILVA",1
2024,"JOQUEI CLUB",1
2024,"JOSE DO PETROCINIO",1
2024,"KM 08",3
2024,"KM 09",1
2024,"KM 13",14
2024,"KM 13 TRAVESSAO",1
2024,"KM 14",25
2024,"KM 15",16
2024,"KM 16",1
2024,"KM 8",2
2024,"KM08",1
2024,"KM10",2
2024,"KM13",1
2024,"KM14",4
2024,"KM15",3
2024,"KM18",1
2024,"KM8",2
2024,"LAGAMAR - FAROL",1
2024,"LAGO DA GARCIA",1
2024,"LAGO DO GARCIA",7
2024,"LAGO FEIA",1
2024,"LAGOA DE CIMA",38
2024,"LAGOA DE CIMA I",1
2024,"LAGOA DO GARCIA",2
2024,"LAGOA DOS PAUS",1
2024,"LAGOINHA",1
2024,"LAPA",114
2024,"LAPA II",1
2024,"LARGO DE GARCIA",1
2024,"LARGO DO GARCIA",6
2024,"LEOPOLDINA",2
2024,"LINHA DO LIMAO",3
2024,"LINHA DO LIMERO",1
2024,"LOT ATLANTICA",1
2024,"LUCILDA DA SILVA DOMINGOS",1
2024,"LUGONHA",1
2024,"LUIZ DIEGO BARBOSA CERQUEIRA",1
2024,"LUZA MOTA",1
2024,"MACUCI",1
2024,"MACUCO",1
2024,"MALHAES",1
2024,"MANGUINHOS",1
2024,"MANHAES",2
2024,"MARCELO",2
2024,"MARIA ORTIZ",1
2024,"MARIA QUEIROZ",1
2024,"MARRECA",1
2024,"MARRECAS",36
2024,"MARRO GRANDE",1
2024,"MARTINS LAGE",26
2024,"MATA CRUZ",2
2024,"MATADOURO",14
2024,"MATINHA",1
2024,"MATO ESCURO",5
2024,"MATUTI",1
2024,"MATUTU",3
2024,"MIGUEL COUTO",1
2024,"MINEIROS",107
2024,"MIRANDELA",1
2024,"MONTE VERDE",1
2024,"MONTEIRO DE SAO BENTO",1
2024,"MONTESE",2
2024,"MORADA DO SOL",1
2024,"MORANGABA",6
2024,"MORRO DO COCO",77
2024,"MORRO GRANDE",5
2024,"MUNDEUS",5
2024,"MURUNDU",2
2024,"MUSSUREPE",87
2024,"MUSSUREPE - BAIRRO BABOSA",1
2024,"NAUTICO",1
2024,"NAZARIO",1
2024,"NOVA AMERICA",1
2024,"NOVA BRASILIA",25
2024,"NOVA BRASILIA - BAIRRO",1
2024,"NOVA CAMPOS",81
2024,"NOVA CANAA",39
2024,"NOVA CANAAN",1
2024,"NOVA CANAN",1
2024,"NOVA CIDADE",1
2024,"NOVA DIVINEIA",2
2024,"NOVA DIVINEIO",1
2024,"NOVA ESPERANCA",3
2024,"NOVA ESPERENCA",1
2024,"NOVA GOITACAZES",12
2024,"NOVA GOITAZES",1
2024,"NOVA GOIYTACAZES",1
2024,"NOVA GOYTACAZES",27
2024,"NOVA SAO JOAO DA BARRA",7
2024,"NOVO",1
2024,"NOVO CANAA",1
2024,"NOVO ELDORADO",34
2024,"NOVO GOYTACAZES",2
2024,"NOVO HORIZONTE",17
2024,"NOVO ISAQUE-BAIRRO",1
2024,"NOVO J",1
2024,"NOVO JOCKEY",3
2024,"NOVO JOQUEI",1
2024,"NOVO MUNDO",2
2024,"NOVO ORIENTE",1
2024,"OLHOS D AGUA",1
2024,"OLHOS DAGUA II",5
2024,"OLHOS DAQUA I",3
2024,"OURO VERDE",1
2024,"OUTEIRO",19
2024,"P GROSSA",1
2024,"P VARGAS",1
2024,"P. GROSSA DOS FIDALGOS",1
2024,"P. SARAIVA",1
2024,"PALACETE",3
2024,"PALMARES",23
2024,"PALMARIA",1
2024,"PALMEIRAS",5
2024,"PARAIBA DO SUL",1
2024,"PARAISO",1
2024,"PARANOA",1
2024,"PARQUE  REAL",1
2024,"PARQUE ANGELICA",1
2024,"PARQUE AURORA",3
2024,"PARQUE CANAO",1
2024,"PARQUE INDUSTRIAL",4
2024,"PARQUE JARDIM CARIOCA",1
2024,"PARQUE JOAO MARIA",1
2024,"PARQUE JOQUEI CLUB",1
2024,"PARQUE JULIAO MOREIRA",1
2024,"PARQUE MACIEL",1
2024,"PARQUE PALMEIRA",1
2024,"PARQUE REAL",3
2024,"PARQUE ROSARIO",3
2024,"PARQUE SAO DOMINGOS",1
2024,"PARQUE SAO JOAO",1
2024,"PARQUE TINOLA",3
2024,"PARQUE TORENIO MIRANDA",1
2024,"PARQUE TURF CLUB",1
2024,"PARQUE VICENTE DIAS",1
2024,"PARQUE VISCONDE URUARI",1
2024,"PAUS AMARELO",3
2024,"PAUS AMARELOS",1
2024,"PECUARIA",9
2024,"PEDREGAL",1
2024,"PEDREGRAL",1
2024,"PELINCA",25
2024,"PENHA",54
2024,"PERNAMBUCA",31
2024,"PITANGUEIRAS",1
2024,"PLANALTO",1
2024,"PLANICIE",3
2024,"POCO GORDO",145
2024,"PONTA COQUEIRO",1
2024,"PONTA DA GROSSA",1
2024,"PONTA DA LAMA",113
2024,"PONTA DO CARMO",2
2024,"PONTA DO COQUEIRIO",1
2024,"PONTA DO COQUEIRO",11
2024,"PONTA GOSSA",1
2024,"PONTA GROSSA",76
2024,"PONTA GROSSA DOS FIDALGOS",1
2024,"PONTO DO CARMO",4
2024,"PONTO DO COQUEIRO",2
2024,"PORTO BELO",2
2024,"PORTO DO CARMO",1
2024,"POSTO PLANICIE",1
2024,"POÃO GORDO",1
2024,"POþO GORDO",6
2024,"PQ AEROPORTO",280
2024,"PQ ALDEIA",112
2024,"PQ ALDEIA 1",1
2024,"PQ ALDEIA 2",1
2024,"PQ ALVORADA",180
2024,"PQ ANGELICA",2
2024,"PQ AURORA",856
2024,"PQ BANDEIRANTES",49
2024,"PQ BARAO DO RIO BRANCO",166
2024,"PQ BELA VISTA",79
2024,"PQ BOA VISTA",32
2024,"PQ BONSUCESSO",1
2024,"PQ BOUNGAVILLE",1
2024,"PQ BRASILIA",202
2024,"PQ CAJU",29
2024,"PQ CALABOUCO",298
2024,"PQ CALIFORNIA",395
2024,"PQ CANAA",1
2024,"PQ CEASA",16
2024,"PQ CEU AZUL",1
2024,"PQ CIDADE LUZ",244
2024,"PQ CORRIENTES",250
2024,"PQ ELDORADO",405
2024,"PQ ESPLANADA",343
2024,"PQ FARIA",1
2024,"PQ FLAMBOYANT",79
2024,"PQ FUNDAO",109
2024,"PQ GUARUS",646
2024,"PQ IMPERIAL",304
2024,"PQ JD CARIOCA",12
2024,"PQ JOAO MARIA",124
2024,"PQ JOCKEY CLUB",1003
2024,"PQ JULIAO NOGUEIRA",146
2024,"PQ LEBRET",101
2024,"PQ LEOPOLDINA",387
2024,"PQ MACIEL",22
2024,"PQ NOVA BRASILIA",1
2024,"PQ NOVA BRASILIA - BAIRRO",3
2024,"PQ NOVA CANAA",1
2024,"PQ NOVO JOCKEY",721
2024,"PQ NOVO MUNDO",140
2024,"PQ OLIVEIRA BOTELHO",1
2024,"PQ PECUARIA",287
2024,"PQ PENHA",732
2024,"PQ PRAZERES",350
2024,"PQ PRESID VARGAS",148
2024,"PQ REAL",15
2024,"PQ RESIDENCIAL",1
2024,"PQ RIO BRANCO",2
2024,"PQ RODOVIARIO",155
2024,"PQ ROSARIO",380
2024,"PQ SALO BRAND",2
2024,"PQ SANTA CLARA",133
2024,"PQ SANTA HELENA",111
2024,"PQ SANTA MARIA",27
2024,"PQ SANTA ROSA",401
2024,"PQ SANTO AMARO",144
2024,"PQ SANTO ANTONIO",60
2024,"PQ SANTOS DUMONT",60
2024,"PQ SANTUARIO",3
2024,"PQ SAO BENEDITO",105
2024,"PQ SAO CAETANO",234
2024,"PQ SAO CLEMENTE",1
2024,"PQ SAO DOMINGOS",27
2024,"PQ SAO FRANCISCO",1
2024,"PQ SAO JOSE",133
2024,"PQ SAO MATEUS",67
2024,"PQ SAO SILVESTRE",83
2024,"PQ SARAIVA",15
2024,"PQ STO AMARO",1
2024,"PQ TAMANDARE",135
2024,"PQ TARCISIO MIRANDA",88
2024,"PQ TROPICAL",116
2024,"PQ TURF CLUB",543
2024,"PQ VARANDA DO VISCO",46
2024,"PQ VERA CRUZ",53
2024,"PQ VICENTE DIAS",2
2024,"PQ VICENTE GONCALVES",142
2024,"PQ VICENTE GONCALVES DIAS",1
2024,"PQ VICENTE MIRANDA",1
2024,"PQ VISCONDE URURAI",1
2024,"PQ VISCONDE URURAÝ",1
2024,"PQ ZUZA MOTA",12
2024,"PRACA JOAO PESSOA",6
2024,"PRACA TIRADENTE",1
2024,"PRACA TIRADENTES",2
2024,"PRADO",3
2024,"PRAIA DA COSTA",1
2024,"PRAIA DO AÃU",1
2024,"PRAIA DO MORRO",1
2024,"PRAIA DO PECADO",1
2024,"PRAIA DO SONHO",3
2024,"PRAþA JOAO PESSOA",2
2024,"PRESIDENTE VARGAS",7
2024,"PUREZA",3
2024,"Parque Esplanada",1
2024,"QUILOMBO",7
2024,"QUIXABA",5
2024,"QUIXAVA",1
2024,"RADIO VELHO",6
2024,"RADIO VELHO FAROL",1
2024,"REAL",3
2024,"RECANTO DA PENHA",3
2024,"RECANTO DAS PALMEIRAS",2
2024,"RECREIO",4
2024,"RENATA LINHARES GOMES",1
2024,"RESID PORTO SEGURO",2
2024,"RESIDENCIAL VAREZA",1
2024,"RESIDENCIAL VENEZA",1
2024,"RESIDENCIAL VEREDAS",1
2024,"RETIRO",7
2024,"RIBEIRO AMARO",2
2024,"RIBEIRO AMPARO",10
2024,"RICHUELO",1
2024,"RIO BRANCO",2
2024,"RIO DO VIVEIRO",1
2024,"RIO PRETO",38
2024,"RIVIERA",1
2024,"RO",1
2024,"RODA AGUA",1
2024,"RUA 15",1
2024,"RUA ALCIDES VIEIRA  MACIEL",1
2024,"RUA DO ALTO DO ELIZEU",1
2024,"RUA LUIZ CARLOS DE BARROS VIANA",1
2024,"RUA PRINCIPAL",1
2024,"RUI BARBOSA",1
2024,"S BRAGA",1
2024,"SABONETE",1
2024,"SALDANHA DA GAMA",4
2024,"SAMBRA",1
2024,"SANTA ANA",24
2024,"SANTA BARBARA",1
2024,"SANTA CATARINA",2
2024,"SANTA CLARA",7
2024,"SANTA CRUZ",63
2024,"SANTA EDWIRGES",1
2024,"SANTA FE",2
2024,"SANTA HELENA",5
2024,"SANTA MARIA",12
2024,"SANTA RITA",3
2024,"SANTA ROSA",14
2024,"SANTA TEREZA",1
2024,"SANTAFE",1
2024,"SANTO AMARO",59
2024,"SANTO AMARO DE CAMPOS",1
2024,"SANTO ANTONIO",1
2024,"SANTO EDUARDO",8
2024,"SANTOS DRUMONT",2
2024,"SANTUARIO",2
2024,"SAO BENEDITO",22
2024,"SAO BENTO",4
2024,"SAO CAETANO",3
2024,"SAO DANIEL",1
2024,"SAO DOMINGOS",1
2024,"SAO FIDELIS",1
2024,"SAO FRANCISCO DE ITABAPOANA",3
2024,"SAO JOAO BARRA",1
2024,"SAO JOAO DA BARRA",2
2024,"SAO JOAQUIM",9
2024,"SAO JORGE",39
2024,"SAO JOSE",1
2024,"SAO LUIZ",1
2024,"SAO MARTINHO",27
2024,"SAO MARTINS",1
2024,"SAO MATEUS",2
2024,"SAO MATHEUS",4
2024,"SAO SALVADOR",1
2024,"SAO SEBASTIAO",62
2024,"SAO SILVESTRE",1
2024,"SAO VICENTE",6
2024,"SARAIVA",26
2024,"SATURNINO BRAGA",271
2024,"SAUDADE",3
2024,"SERRINHA",31
2024,"SHOPPING ESTRADA",1
2024,"SN",1
2024,"SOLAR  DA PENHA",1
2024,"SOLAR DA PENHA",9
2024,"SOLAR JARDIM",1
2024,"SOLEDADE 2",1
2024,"SOLEDADE II",1
2024,"STA HELENA",1
2024,"STA ROSA",1
2024,"SÒO JOSE",1
2024,"SÒO JOSÚ",1
2024,"SÒO SEBASTIAO",1
2024,"S├O SEBASTIAO",1
2024,"TABUINHA",1
2024,"TAPERA",309
2024,"TAPERA - CASINHAS -1",1
2024,"TAPERA 03",1
2024,"TAPERA 1",3
2024,"TAPERA 2",1
2024,"TAPERA 3",1
2024,"TAPERA I",1
2024,"TAPERA II",2
2024,"TAQUARASSU",1
2024,"TARCISIO MIRANDA",1
2024,"TELE SANTANA",1
2024,"TELESANTANA",1
2024,"TERMINAL PESQUEIRO",2
2024,"TERRA NOVA",3
2024,"TERRA PROMETIDA",14
2024,"TERRA PROMETIDO",1
2024,"TERRA PROMOTIDA",1
2024,"TERRA PROMTERIDA",1
2024,"THOME",1
2024,"TIJUCA",1
2024,"TIRA GOSTO",2
2024,"TOCAIA",10
2024,"TOCO",2
2024,"TOCOS",685
2024,"TORRE TELEFONICO",1
2024,"TRA",1
2024,"TRAV",1
2024,"TRAVESSAO",1289
2024,"TRAVESSAO - BAIRRO ARRAIAL",1
2024,"TRAVESSÒO BARIRI",1
2024,"TRAVESS├O",1
2024,"TRES VENDAS",148
2024,"TROPICAL",1
2024,"TROPIVAL",1
2024,"TR╩S VENDAS",1
2024,"TURF",1
2024,"TURF CLUB",8
2024,"URURAI",278
2024,"USINA CAMBAIBA",14
2024,"USINA SANTA CRUZ",1
2024,"USINA SANTO AMARO",1
2024,"USINA SANTO ANTONIO",2
2024,"USINA SAO JOAO",11
2024,"USINA SAO JOSE",1
2024,"USINA SAPUCAIA",17
2024,"USINA STO ANTONIO",2
2024,"V ROMANA",1
2024,"VALAO SECO",1
2024,"VARANDA DO VISCONDE",1
2024,"VARNADA DO VISCONDE",1
2024,"VASSOURA",1
2024,"VEIGA",16
2024,"VENDA NOVA",35
2024,"VENEZA",3
2024,"VENEZA RESIDENCIAL",1
2024,"VENEZAS",1
2024,"VERA CRUZ",2
2024,"VEREDAS",13
2024,"VIANA",3
2024,"VICENTE CONÃALVES",1
2024,"VICENTE DIAS",12
2024,"VIEGAS",2
2024,"VILA AMENDOEIRA",1
2024,"VILA AUGUSTO MORETI",1
2024,"VILA CRUZEIRO",1
2024,"VILA DA RAINHA",7
2024,"VILA DAS AMENDOEIRAS",1
2024,"VILA DIONEIA",1
2024,"VILA DO SOL",5
2024,"VILA DOS COROADOS",11
2024,"VILA DOS PESCADORES",3
2024,"VILA INDUSTRIAL",20
2024,"VILA MANAHES",2
2024,"VILA MANHAES",33
2024,"VILA MANHHAES",1
2024,"VILA MENEZES",32
2024,"VILA NOVA",117
2024,"VILA RAINHA",4
2024,"VILA ROMANA",44
2024,"VILA ROMANO",1
2024,"VILA TAMARINDO",1
2024,"VILA VELHA",1
2024,"VISCONDE 2",1
2024,"VISCONDE DE ARAUJO",1
2024,"VISCONDE DE URURAI",3
2024,"VISCONDE DE URURAÝ",1
2024,"VISTA ALEGRE",1
2024,"VITORIA",1
2024,"VIVENDA DO COQ I",53
2024,"VIVENDA DOS COQ II",2
2024,"VOLTA DA FIGUEIRA",1
2024,"VOLTA REDONDO",1
2024,"XEXE",2
2024,"ZUMBI DOS PALMARES",1
2025,"ACU",2
2025,"ALMAS DO MATO",1
2025,"ALPHAVILLE",5
2025,"ALTO DE AREIAS",1
2025,"ALVORADA",1
2025,"ATAFONA",1
2025,"BABOSA",1
2025,"BAIXA GRANDE",22
2025,"BARAO DE MACAUBAS",1
2025,"BARBOSA",2
2025,"BOA VISTA",3
2025,"BREJO GRANDE",3
2025,"CACHOEIRO",1
2025,"CAJU",10
2025,"CALABOUÃO",1
2025,"CAMPO LIMPO",1
2025,"CAMPO NOVO",2
2025,"CANAA",2
2025,"CARVAO",2
2025,"CAXETA",2
2025,"CAXIAS",1
2025,"CENTRO",135
2025,"CHAPEU DO SOL",1
2025,"CHAVE DO PARAISO",1
2025,"CODIM",8
2025,"CONSELHEIRO JOSINO",4
2025,"COQUEIRO DE TOCOS",1
2025,"CUSTODOPOLIS",16
2025,"DONANA",19
2025,"DORES DE MACABU",7
2025,"ESPINHO",2
2025,"ESPLANADA",1
2025,"FAROL DE SAO TOME",13
2025,"FAZENDA CAMPELO",1
2025,"FAZENDINHA",1
2025,"FONSECA",1
2025,"GAMBOA",1
2025,"GOYTACASES",51
2025,"GOYTACAZES",1
2025,"GUANDU",3
2025,"GURIRI",4
2025,"HORTO MUNICIPAL",4
2025,"IBITIOCA",3
2025,"IPS",11
2025,"ITERERE",1
2025,"JARDIM CARIOCA",2
2025,"JARDIM DAS ACACIAS",1
2025,"JD CARIOCA",25
2025,"JD CEASA",1
2025,"JD DAS ACACIAS",1
2025,"JD DE CAMPOS",1
2025,"JD LAGOA DAS PEDRAS",4
2025,"LAGOA DE CIMA",2
2025,"LAPA",5
2025,"MARRECAS",1
2025,"MARTINS LAGE",1
2025,"MATO ESCURO",2
2025,"MINEIROS",3
2025,"MORRO DO COCO",11
2025,"MUSSUREPE",15
2025,"NOVA CAMPOS",4
2025,"NOVA CANAA",2
2025,"NOVA CANAAN",1
2025,"NOVO ELDORADO",1
2025,"NOVO HORIZONTE",1
2025,"PALACETE",1
2025,"PARQUE JOAO MARIA",1
2025,"PARQUE RODOVIßRIO",1
2025,"PARQUE VICEN",1
2025,"PELINCA",4
2025,"PENHA",3
2025,"PERNAMBUCA",3
2025,"POCO GORDO",6
2025,"PONTA DA LAMA",5
2025,"PONTA GROSSA",1
2025,"POÃO GORDO",1
2025,"PQ AEROPORTO",19
2025,"PQ ALDEIA",10
2025,"PQ ALVORADA",7
2025,"PQ AURORA",35
2025,"PQ BANDEIRANTES",2
2025,"PQ BARAO DO RIO BRANCO",14
2025,"PQ BELA VISTA",6
2025,"PQ BOA VISTA",1
2025,"PQ BRASILIA",36
2025,"PQ CAJU",1
2025,"PQ CALABOUCO",26
2025,"PQ CALIFORNIA",25
2025,"PQ CEASA",2
2025,"PQ CIDADE LUZ",9
2025,"PQ CORRIENTES",18
2025,"PQ ELDORADO",22
2025,"PQ ESPLANADA",13
2025,"PQ FLAMBOYANT",11
2025,"PQ FUNDAO",9
2025,"PQ GUARUS",36
2025,"PQ IMPERIAL",12
2025,"PQ JOAO MARIA",7
2025,"PQ JOCKEY CLUB",64
2025,"PQ JULIAO NOGUEIRA",10
2025,"PQ LEBRET",1
2025,"PQ LEOPOLDINA",30
2025,"PQ MACIEL",3
2025,"PQ NOVO JOCKEY",34
2025,"PQ NOVO MUNDO",9
2025,"PQ PECUARIA",25
2025,"PQ PENHA",44
2025,"PQ PRAZERES",23
2025,"PQ PRESID VARGAS",12
2025,"PQ REAL",1
2025,"PQ RODOVIARIO",12
2025,"PQ ROSARIO",24
2025,"PQ SANTA CLARA",13
2025,"PQ SANTA HELENA",6
2025,"PQ SANTA MARIA",3
2025,"PQ SANTA ROSA",16
2025,"PQ SANTO AMARO",15
2025,"PQ SANTO ANTONIO",5
2025,"PQ SANTOS DUMONT",5
2025,"PQ SAO BENEDITO",7
2025,"PQ SAO CAETANO",21
2025,"PQ SAO DOMINGOS",3
2025,"PQ SAO JOSE",15
2025,"PQ SAO MATEUS",4
2025,"PQ SAO SILVESTRE",2
2025,"PQ TAMANDARE",17
2025,"PQ TARCISIO MIRANDA",12
2025,"PQ TROPICAL",3
2025,"PQ TURF CLUB",57
2025,"PQ VARANDA DO VISCO",4
2025,"PQ VERA CRUZ",6
2025,"PQ VICENTE GONCALVES",16
2025,"PQ ZUZA MOTA",1
2025,"PRACA JOAO PESSOA",2
2025,"PUREZA",1
2025,"REAL",1
2025,"RES. RIVIEIRA",1
2025,"RETIRO",1
2025,"RIBEIRO AMPARO",1
2025,"RIO PRETO",1
2025,"SANTA CRUZ",6
2025,"SANTA MARIA",1
2025,"SANTA RITA",1
2025,"SANTA RITA DE CASSAIA",1
2025,"SANTO AMARO",2
2025,"SANTO ANTONIO",1
2025,"SANTO EDUARDO",1
2025,"SAO DIOGO",2
2025,"SAO JORGE",3
2025,"SAO MARTINHO",1
2025,"SAO SEBASTIAO",3
2025,"SARAIVA",1
2025,"SATURNINO BRAGA",5
2025,"SERRINHA",6
2025,"SOLAR DA PENHA",1
2025,"SÃO VICENTE DE PAULA",1
2025,"TAPERA",8
2025,"TOCOS",11
2025,"TRAVESSAO",57
2025,"TRES VENDAS",3
2025,"URURAI",14
2025,"USINA CAMBAIBA",1
2025,"USINA SAPUCAIA",5
2025,"VEREDAS",1
2025,"VIANA",1
2025,"VILA DOS COROADOS",1
2025,"VILA MANHAES",1
2025,"VILA NOVA",2
2025,"VISTA DO PARAIBA",1
2025,"VIVENDA DO COQ I",4
2025,"sivio ferras",1
