"NM_BAIRRO_ORIGINAL","NM_BAIRRO"
"PQ FLAMBOYANT","Parque Flamboyant"
"CODIM","Codin"
"CENTRO","Centro"
"SATURNINO BRAGA","Saturnino Braga"
"PQ PENHA","Parque Penha"
"TRAVESSAO","Travessao"
"PQ PECUARIA","Parque Pecuaria"
"CAJU","Caju"
"ALPHAVILLE","Alphaville"
"PQ PRESIDENTE VARGAS","Parque Presidente Vargas"
"PARQUE LEOPOLDINA","Parque Leopoldina"
"GOYTACASES","Goitacazes"
"HORTO","Horto"
"JARDIM CARIOCA","Jardim Carioca"
"SERRINHA","Serrinha"
"BARCELOS","Barcelos"
"PQ AURORA","Parque Aurora"
"PQ TURF CLUB","Parque Turf Club"
"PQ JOCKEY CLUB","Parque Jockey Club"
"PQ ROSARIO","Parque Rosario"
"SANTO AMARO","Santo Amaro"
"JD CARIOCA","Jardim Carioca"
"OQ NOVA BRASILIA","Oq Nova Brasilia"
"IPS","Ips"
"PQ BOA VISTA","Parque Boa Vista"
"PQ FUNDAO","Parque Fundao"
"TAPERA","Tapera"
"PQ PRAZERES","Parque Prazeres"
"PQ ZUZA MOTA","Parque Zuza Mota"
"DONANA","Donana"
"PQ LEOPOLDINA","Parque Leopoldina"
"PQ JD CARIOCA","Parque Jardim Carioca"
"PELINCA","Pelinca"
"SAO JOSE","Sao Jose"
"PQ SAO JOSE","Parque Sao Jose"
"PENHA","Penha"
"LAPA","Lapa"
"PQ SANTO AMARO","Parque Santo Amaro"
"CUSTODOPOLIS","Custodopolis"
"PQ SAO CAETANO","Parque Sao Caetano"
"VISCONDE DE URURAI","Visconde De Ururai"
"SANTA CRUZ","Santa Cruz"
"VENDA NOVA","Venda Nova"
"PQ ALPLAVILLE","Parque Alplaville"
"PQ CAJU","Parque Caju"
"PQ GUARUS","Parque Guarus"
"PQ VERA CRUZ","Parque Vera Cruz"
"POþO GORDO","Po o Gordo"
"TURF CLUB","Turf Club"
"JOCKEY CLUB","Jockey Club"
"USINA SANTO ANTONIO","Usina Santo Antonio"
"PQ CALIFORNIA","Parque California"
"CAMPO NOVO","Campo Novo"
"PQ IMPERIAL","Parque Imperial"
"MUNDEUS","Mundeus"
"PQ SAO BENEDITO","Parque Sao Benedito"
"GUARUS","Guarus"
"PQ RODOVIARIO","Parque Rodoviario"
"GOITACAZES","Goitacazes"
"PARQUE GUARUS","Parque Guarus"
"KM 8","Km 8"
"PARQUE BARAO DO RIO BRANCO","Parque Barao Do Rio Branco"
"HORTO MUNICIPAL","Horto Municipal"
"FOGUETE","Foguete"
"VILA DOS COROADOS","Vila Dos Coroados"
"SAO JOAQUIM","Sao Joaquim"
"DORES DE MACABU","Dores De Macabu"
"MARTINS LAGE","Martins Lage"
"PQ JULIAO NOGUEIRA","Parque Juliao Nogueira"
"PQ TAMANDARE","Parque Tamandare"
"PQ CIDADE LUZ","Parque Cidade Luz"
"GOYTACAZES","Goitacazes"
"NOVA CAMPOS","Nova Campos"
"SAO BENEDITO","Sao Benedito"
"PQ JOAO MARIA","Parque Joao Maria"
"PQ BARAO DO RIO BRANCO","Parque Barao Do Rio Branco"
"PQ SANTA ROSA","Parque Santa Rosa"
"USINA SANTA CRUZ","Usina Santa Cruz"
"PQ NOVO JOCKEY","Parque Jockey Club"
"POCO GORDO","Poco Gordo"
"PQ ELDORADO","Parque Eldorado"
"PQ SANTA HELENA","Parque Santa Helena"
"PQ BRASILIA","Parque Brasilia"
"NOVO ELDORADO","Novo Eldorado"
"PQ ALVORADA","Parque Alvorada"
"PQ VICENTE GONCALVES","Parque Vicente Goncalves"
"PECUARIA","Pecuaria"
"PQ CORRIENTES","Parque Corrientes"
"PQ SAO MATEUS","Parque Sao Mateus"
"PQ SANTA CLARA","Parque Santa Clara"
"PQ CALABOUCO","Parque Calabouco"
"PQ TARCISIO MIRANDA","Parque Tarcisio Miranda"
"TOCOS","Tocos"
"PQ ESPLANADA","Parque Esplanada"
"ITERERE","Iterere"
"PQ PRESID VARGAS","Parque Presidente Vargas"
"PQ ALDEIA","Parque Aldeia"
"PQ BELA VISTA","Parque Bela Vista"
"URURAI","Ururai"
"ESTANCIA DA PENHA","Estancia Da Penha"
"CAZUMBA","Cazumba"
"PQ ALDEIA 1 - BAIRRO","Parque Aldeia 1 Bairro"
"PQ LEBRET","Parque Lebret"
"CORRINTES","Corrintes"
"FAROL DE SAO TOME","Farol De Sao Tome"
"CARVAO","Carvao"
"PQ NOVA BRASILIA","Parque Nova Brasilia"
"TRAVESSA ARRAIAL","Travessa Arraial"
"PQ AEROPORTO","Parque Aeroporto"
"JARDIM DAS ACACIAS","Jardim Das Acacias"
"LIBERDADE","Liberdade"
"PQ SANTOS DUMONT","Parque Santos Dumont"
"SANTA ROSA","Santa Rosa"
"NOVA BRASILIA","Nova Brasilia"
"PQ SAO SILVESTRE","Parque Sao Silvestre"
"PQ BANDEIRANTES","Parque Bandeirantes"
"TRES VENDAS","Tres Vendas"
"FAZENDINHA","Fazendinha"
"SANTO ANTONIO","Santo Antonio"
"PQ NOVA ELDORADO","Parque Nova Eldorado"
"JOQUEI CLIB","Jockey Clib"
"SAO MARTINHO","Sao Martinho"
"TAPERA 2","Tapera 2"
"PQ VARANDA DO VISCO","Parque Varanda Do Visco"
"RIO PRETO","Rio Preto"
"CONSELHEIRO JOSINO","Conselheiro Josino"
"FUNDAO","Fundao"
"ESPINHO","Espinho"
"PQ SANTO ANTONIO","Parque Santo Antonio"
"PONTA DA LAMA","Ponta Da Lama"
"USINA CAMBAIBA","Usina Cambaiba"
"CORRENTEZAS","Correntezas"
"VILA MANHAES","Vila Manhaes"
"MORANGABA","Morangaba"
"TERRA PROMETIDA","Terra Prometida"
"CORRIENTES","Corrientes"
"PQ NOVO MUNDO","Parque Novo Mundo"
"NOVO JOCKEY","Jockey Club"
"NOVA GOYTACAZES","Nova Goitacazes"
"IBITIOCA","Ibitioca"
"JOCKEY","Jockey"
"SAO CAETANO","Sao Caetano"
"MINEIROS","Mineiros"
"USINA SANTA CRUZ - BAIRRO","Usina Santa Cruz Bairro"
"PQ DOM BOSCO","Parque Dom Bosco"
"BAIXA GRANDE","Baixa Grande"
"VIVENDA DO COQ I","Vivenda Do Coq i"
"JARDIM DE CAMPOS","Jardim De Campos"
"PQ MACIEL","Parque Maciel"
"TAPERA III","Tapera 3"
"JD PRIMAVERA","Jardim Primavera"
"VILA ROMANA","Vila Romana"
"VIVENDA DOS COQ II","Vivenda Dos Coq 2"
"CAXIAS DE TOCOS","Caxias De Tocos"
"AURORA","Aurora"
"NOVA GOITACAZES","Nova Goitacazes"
"SAO JORGE","Sao Jorge"
"MURUNDU","Murundu"
"LEOPOLDINA","Leopoldina"
"SARAIVA","Saraiva"
"BARBOSA","Barbosa"
"NOVA CANAA","Nova Canaa"
"COQUEIRO DE TOCOS","Coqueiro De Tocos"
"TAPERA II","Tapera 2"
"OUTEIRO","Outeiro"
"USINA SAPUCAIA","Usina Sapucaia"
"CORREGO","Corrego"
"ESPLANADA","Esplanada"
"COROA","Coroa"
"VEIGA","Veiga"
"MUSSUREPE","Mussurepe"
"PQ SAO JORGE","Parque Sao Jorge"
"NOGUEIRA","Nogueira"
"TAPERA 1","Tapera 1"
"TRAJANO DE MOARES","Trajano De Moares"
"SAO MATHEUS","Sao Matheus"
"SANTA ANA","Santa Ana"
"RIBEIRO AMARO - BAIRRO","Ribeiro Amaro Bairro"
"TAPERA I","Tapera i"
"BABOSA","Babosa"
"ESPIADOR","Espiador"
"SANTA CLARA","Santa Clara"
"FLORESTA","Floresta"
"PRACA JOAO PESSOA","Praca Joao Pessoa"
"GRUSSAI","Grussai"
"AZEITONA","Azeitona"
"ACU","Acu"
"SABONETE","Sabonete"
"CHAPEU DO SOL","Chapeu Do Sol"
"SANTO MARIA DE CAMPOS","Santo Maria De Campos"
"PARQUE PRAZERES","Parque Prazeres"
"NOSSA SENHORA APARECIDA","Nossa Senhora Aparecida"
"LEONS","Leons"
"PECHINCHA","Pechincha"
"SANTA MARGARIDA","Santa Margarida"
"MARIMBONDO","Marimbondo"
"CACHOEIRO","Cachoeiro"
"SAO JOAOQUIM","Sao Joaoquim"
"BARRA DO FURADO","Barra Do Furado"
"CAXIAS","Caxias"
"PITEIRAS","Piteiras"
"SITIO QUISSAMA","Sitio Quissama"
"IPUCA","Ipuca"
"BARAO DE MACAUBAS","Barao De Macaubas"
"BARÃO DE MACAÚBAS","Barao De Macaubas"
"JUAREZ","Juarez"
"MONTESE","Montese"
"PUREZA","Pureza"
"BOA ESPERANÃA","Boa Esperanaa"
"PIRAI","Pirai"
"BARREIRO","Barreiro"
"GAMBOA","Gamboa"
"RECANTO DA PENHA","Recanto Da Penha"
"BARAO","Barao"
"VILA COROADOS","Vila Coroados"
"ANGELIM","Angelim"
"NOVA DIVINEIA","Nova Divineia"
"DIVINEIA","Divineia"
"MACUCO","Macuco"
"ERNESTO MACHADO","Ernesto Machado"
"SÒO CAETANO","Soo Caetano"
"PARQUE INDUSTRIAL","Parque Industrial"
"SALDANHA DA GAMA","Saldanha Da Gama"
"GUARNIERI","Guarnieri"
"CIMENTO PARAISO","Cimento Paraiso"
"NOVA CIDADE","Nova Cidade"
"SAUDADE","Saudade"
"BOA VISTA","Boa Vista"
"ALTO DA BOA VISTA","Alto Da Boa Vista"
"VILA RICA","Vila Rica"
"VILA INDUSTRIAL","Vila Industrial"
"MORRO DO COCO","Morro Do Coco"
"SÒO BENEDITO","Soo Benedito"
"PQ  PRAZERES","Parque Prazeres"
"PQ TROPICAL","Parque Tropical"
"GUANDU","Guandu"
"KM 10","Km 10"
"JD LAGOA DAS PEDRAS","Jardim Lagoa Das Pedras"
"RESIDENCIAL VEREDAS","Residencial Veredas"
"TURF","Turf"
"SOLAR DA PENHA","Solar Da Penha"
"JARDIM CARIOVA","Jardim Carioca"
"ELDORADO","Eldorado"
"PRAZERES","Prazeres"
"ALDEIA","Aldeia"
"IMPERIAL","Imperial"
"BUGALHO","Bugalho"
"SANTA MARIA","Santa Maria"
"S├O MATEUS","s o Mateus"
"MORRO GRANDE","Morro Grande"
"VICENTE DIAS","Vicente Dias"
"SAO SEBASTIAO","Sao Sebastiao"
"FLAMBOYANT","Flamboyant"
"SÒO JOSE","Soo Jose"
"SANTA HELENA","Santa Helena"
"ROSARIO","Rosario"
"JARDIM CEASA","Jardim Ceasa"
"LEBRET","Lebret"
"PERNAMBUCA","Pernambuca"
"SÒO JORGE","Soo Jorge"
"S├O JORGE","s o Jorge"
"PQ SARAIVA","Parque Saraiva"
"CANAA","Canaa"
"PONTA GROSSA","Ponta Grossa"
"PLANICIE","Planicie"
"JD CEASA","Jardim Ceasa"
"BOSQUE DAS ACACIAS","Bosque Das Acacias"
"CANTAGALO","Cantagalo"
"NOVO MUNDO","Novo Mundo"
"PQ SAO DOMINGOS","Parque Sao Domingos"
"USINA SAO JOAO","Usina Sao Joao"
"CARMO","Carmo"
"JARDIM PRIMAVERA","Jardim Primavera"
"BREJO GRANDE","Brejo Grande"
"CAPAO","Capao"
"PQ SANTA MARIA","Parque Santa Maria"
"PQ NOVA CANAÒ","Parque Nova Canao"
"REAL","Real"
"CAXETA","Caxeta"
"MATADOURO","Matadouro"
"PQ CEASA","Parque Ceasa"
"PQ SALO BRAND","Parque Salo Brand"
"SAO LUIZ","Sao Luiz"
"PQ RIO PRETO","Parque Rio Preto"
"RIVIEIRA","Rivieira"
"JOCKEY 2","Jockey 2"
"POÃO GORDO","Poao Gordo"
"VILA MENEZES","Vila Menezes"
"PQ BONSUCESSO","Parque Bonsucesso"
"PQ VENDA NOVA","Parque Venda Nova"
"NOVO","Novo"
"VILA NOVA","Vila Nova"
"VEREDAS","Veredas"
"JD DAS ACACIAS","Jardim Das Acacias"
"VILA VERDE","Vila Verde"
"ALDEIA 2","Aldeia 2"
"PQ GANDU","Parque Gandu"
"CONCEICAO DO IMBE","Conceicao Do Imbe"
"ALVORADA","Alvorada"
"TAPERA 3","Tapera 3"
"VILA DA RAINHA","Vila Da Rainha"
"JOQUEI CLUB","Jockey Club"
"BELA VISTA","Bela Vista"
"JOCKEY II","Jockey 2"
"LAGOA DE CIMA","Lagoa De Cima"
"PARQUE SANTO AMARO","Parque Santo Amaro"
"RESID PORTO SEGURO","Resid Porto Seguro"
"JARDIM ACACIAS","Jardim Acacias"
"NOVO AEROPORTO","Novo Aeroporto"
"MARCELO","Marcelo"
"PQ - SAO GREGORIO","Parque Sao Gregorio"
"FAZENDA FRANCA","Fazenda Franca"
"CAMPO LIMP","Campo Limp"
"SANTO EDUARDO","Santo Eduardo"
"CAMPO LIMPO","Campo Limpo"
"CIDADE LUZ","Cidade Luz"
"NOVA BASILIA","Nova Basilia"
"SAO SILVESTRE","Sao Silvestre"
"ALDEIA II","Aldeia 2"
"DOM BOSCO","Dom Bosco"
"TAPERA 3- BAIRRO","Tapera 3 Bairro"
"BOM SUCESSO","Bom Sucesso"
"MARRECAS","Marrecas"
"PQ REAL","Parque Real"
"VERA CRUZ","Vera Cruz"
"ESTRADA VEIGA","Estrada Veiga"
"RESIDENCIAL VENEZA","Residencial Veneza"
"SAO DOMINGOS","Sao Domingos"
"ALPHAVILLE III","Alphaville 3"
"VIVENDA DO COQ IIII","Vivenda Do Coq Iiii"
"S├O CAETANO","s o Caetano"
"LARGO DO GARCIA","Largo Do Garcia"
"TRAVESSAO DA BARRA","Travessao Da Barra"
"JARDIM MARIA QUEIROZ","Jardim Maria Queiroz"
"CHATUBA","Chatuba"
"ALPHAVILLE II","Alphaville 2"
"S├O MARTINHO","s o Martinho"
"AEROPORTO","Aeroporto"
"ALPHAVILLE 2","Alphaville 2"
"QUILOMBO","Quilombo"
"VILA PALHA GUANDU","Vila Palha Guandu"
"BANANAL","Bananal"
"CALABOUCO","Calabouco"
"CAMPO  DE AREIA","Campo De Areia"
"CEASA","Ceasa"
"ITERERÚ","Itereru"
"PQ CANAA","Parque Canaa"
"KM 15","Km 15"
"TOCAIA","Tocaia"
"PALMARES","Palmares"
"NOVO GOYTACAZES","Novo Goitacazes"
"IBURI","Iburi"
"UENF","Uenf"
"JARDIM BELA VISTA","Jardim Bela Vista"
"PQ JOSE DO PATROCINIO","Parque Jose Do Patrocinio"
"SAO FIDELIS","Sao Fidelis"
"JOAO SEIXAS","Joao Seixas"
"CANAL DAS FLEXAS","Canal Das Flexas"
"SAO MATEUS","Sao Mateus"
"PQ TAR","Parque Tar"
"NOVA BRASIIA","Nova Brasiia"
"TAPERA 02","Tapera 02"
"NOVA ELDORADO","Nova Eldorado"
"FAZENDA CAMPELO","Fazenda Campelo"
"OLIVEIRA BOTELHO","Oliveira Botelho"
"KM 14","Km 14"
"SÒO MATEUS","Soo Mateus"
"SETIMO DESTRITO","Setimo Destrito"
"SÒO DOMINGOS","Soo Domingos"
"SAı CAETANO","Sai Caetano"
"S├O JOSE","s o Jose"
"TERRA NOVA","Terra Nova"
"S├O DOMINGOS","s o Domingos"
"NOVO HORIZONTE","Novo Horizonte"
"BALANCA RANGEL","Balanca Rangel"
"AGUA SANTA","Agua Santa"
"KM 08","Km 08"
"RIBEIRO AMPARO","Ribeiro Amparo"
"SAO LUIZ DE MUTUCA","Sao Luiz De Mutuca"
"TINOLA","Tinola"
"SANTA RITA","Santa Rita"
"ALTO DE AREIAS","Alto De Areias"
"NOVA CANNA","Nova Canna"
"SÒO MATHEUS","Soo Matheus"
"S├O SILVESTRE","s o Silvestre"
"BEIRA DO TAI","Beira Do Tai"
"JARDIM CAMPOS","Jardim Campos"
"CAIXOEIRA AMOROSA","Caixoeira Amorosa"
"FAZENDA BOA VISTA","Fazenda Boa Vista"
"RIBEIRO DO AMARO","Ribeiro Do Amaro"
"PQ JOCKEY CLUB 2","Parque Jockey Club 2"
"JARDIM BOTANICO","Jardim Botanico"
"RESIDENCIAL SANTO ANTONIO","Residencial Santo Antonio"
"ESTRADA DO SACO","Estrada Do Saco"
"NOVA SANTA CLARA","Nova Santa Clara"
"TRAVESSA SAO JOAQUIM","Travessa Sao Joaquim"
"ALDEIA I","Aldeia i"
"RIVEIRA","Riveira"
"S├O VICENTE","s o Vicente"
"ALDEIA 1","Aldeia 1"
"PARQUE FUNDAO","Parque Fundao"
"GURIRI","Guriri"
"JOCKEY 02","Jockey 02"
"VILAGE","Vilage"
"FLAMOYANT","Flamoyant"
"SAO FRANCISCO","Sao Francisco"
"NOVA CIDADE LUZ","Nova Cidade Luz"
"RECANTO DAS PALMEIRAS","Recanto Das Palmeiras"
"CANAL DAS FLECHAS","Canal Das Flechas"
"JARDIM PINHEIRO","Jardim Pinheiro"
"JARDIM VITORIA","Jardim Vitoria"
"VISCONDE DE ARAUJO","Visconde De Araujo"
"GRANJA DOS CAVALEIROS","Granja Dos Cavaleiros"
"PRAIA CAMPISTA","Praia Campista"
"SITIO DAS GARCAS","Sitio Das Garcas"
"LAGOA","Lagoa"
"VIRGEM SANTA","Virgem Santa"
"RIVIERA FLUMINENSE","Riviera Fluminense"
"CAVALEIROS","Cavaleiros"
"MIRANTE DA LAGOA","Mirante Da Lagoa"
"BARRA DO ITABAPOANA","Barra Do Itabapoana"
"GARGAU","Gargau"
"TRAVESSAO DE BARRA","Travessao De Barra"
"PONTO DA CACIMBAS","Ponto Da Cacimbas"
"IMBURI DE CAMPOS","Imburi De Campos"
"NOVA BELEM","Nova Belem"
"GUAXINDIBA","Guaxindiba"
"VALAO SECO","Valao Seco"
"BUENA","Buena"
"LAGOA DOCE","Lagoa Doce"
"GARGAÚ","Gargau"
"SAO SEBASTIAO LAN","Sao Sebastiao Lan"
"BOCAINA","Bocaina"
"CAMPO DE AREIA","Campo De Areia"
"VILA BOGARI","Vila Bogari"
"CAJUEIRO","Cajueiro"
"ATAFONA","Atafona"
"NOVA SAO JOAO DA BARRA","Nova Sao Joao Da Barra"
"DEGREDO","Degredo"
"AFTIMA","Aftima"
"BARRA DO JACARE","Barra Do Jacare"
"JARDIM DAS PALMEIRAS","Jardim Das Palmeiras"
"NOVA GRUSSAI","Nova Grussai"
"MATO ESCURO","Mato Escuro"
"PIPEIRAS","Pipeiras"
"CHAPEU DE SOL","Chapeu De Sol"
"SAO JOAO DA BARRA - BAIRRO","Sao Joao Da Barra Bairro"
"AMPARO","Amparo"
"JARDIM MARILEA","Jardim Marilea"
"RECANTO","Recanto"
"LOT ATLANTICA","Lot Atlantica"
"ALPHAVILE","Alphaville"
"RECREIO","Recreio"
"RES MARIA TURRI","Res Maria Turri"
"COSTA AZUL","Costa Azul"
"ENSEADA DAS GAIVOTAS","Enseada Das Gaivotas"
"BALNEARIO REMANSO","Balneario Remanso"
"SERRAMAR","Serramar"
"RESID PRAIA ANCORA","Resid Praia Ancora"
"CIDADE PRAIANA","Cidade Praiana"
"NOVO RIO DAS OSTRAS","Novo Rio Das Ostras"
"ANCORA","Ancora"
"VILA ALMEIDA","Vila Almeida"
"PARQUE JOQUEI CLUB","Parque Jockey Club"
"PARQUE TURF CLUB","Parque Turf Club"
"PARQUE MACIEL","Parque Maciel"
"JARDIM TROPICAL","Jardim Tropical"
"PARQUE TORENIO MIRANDA","Parque Torenio Miranda"
"PARQUE AURORA","Parque Aurora"
"PARQUE VISCONDE URUARI","Parque Visconde Uruari"
"ALPHVILLE 2","Alphaville 2"
"PARQUE JOAO MARIA","Parque Joao Maria"
"PARQUE ROSARIO","Parque Rosario"
"PARQUE SAO DOMINGOS","Parque Sao Domingos"
"CIDADE JARDIM","Cidade Jardim"
"NOVO JOQUEI","Jockey Club"
"RETIRO","Retiro"
"PARQUE JARDIM CARIOCA","Parque Jardim Carioca"
"NOVO ISAQUE-BAIRRO","Novo Isaque Bairro"
"CHAVE DO PARAISO","Chave Do Paraiso"
"MATA CRUZ","Mata Cruz"
"PARQUE JULIAO MOREIRA","Parque Juliao Moreira"
"ALFAVILLE","Alphaville"
"SAO FRANCISCO DE ITABAPOANA","Sao Francisco De Itabapoana"
"AREAL","Areal"
"QUIXABA","Quixaba"
"NOVA CANAN","Nova Canan"
"CANAAN","Canaan"
"S├O SEBASTIAO","s o Sebastiao"
"PARQUE TINOLA","Parque Tinola"
"TERRA PROMETIDO","Terra Prometido"
"TELE SANTANA","Tele Santana"
"BARAO DE MACABU","Barao De Macabu"
"LAPA II","Lapa 2"
"VILA AUGUSTO MORETI","Vila Augusto Moreti"
"JARDIM CAMPOMAR","Jardim Campomar"
"BOMSUCESSO","Bomsucesso"
"PALACETE","Palacete"
"CALIFORNIA","California"
"BANDEIRANTES","Bandeirantes"
"VARANDA DO VISCONDE","Varanda Do Visconde"
"PQ ALDEIA 1","Parque Aldeia 1"
"PEDREGAL","Pedregal"
"VISCONDE 2","Visconde 2"
"PRESIDENTE VARGAS","Presidente Vargas"
"SÒO SEBASTIAO","Soo Sebastiao"
"PEDREGRAL","Pedregral"
"ED SALETE","Ed Salete"
"FAZENDA GRANDE","Fazenda Grande"
"VISTA ALEGRE","Vista Alegre"
"ITAPERANGA","Itaperanga"
"CUSTODOOLIS","Custodoolis"
"ESTANCIA","Estancia"
"BOM JESUS","Bom Jesus"
"JARDIM CAMBURI","Jardim Camburi"
"TAPERA - CASINHAS -1","Tapera Casinhas 1"
"PAUS AMARELO","Paus Amarelo"
"PQ RIO BRANCO","Parque Rio Branco"
"TROPICAL","Tropical"
"PQ ALDEIA 2","Parque Aldeia 2"
"MACUCI","Macuci"
"PQ NOVA BRASILIA - BAIRRO","Parque Nova Brasilia Bairro"
"VILA DO SOL","Vila Do Sol"
"RUI BARBOSA","Rui Barbosa"
"NOVA CANAAN","Nova Canaan"
"COQUEIROS","Coqueiros"
"VIANA","Viana"
"ENGENHO NOVO","Engenho Novo"
"CENTRO MESQUITA","Centro Mesquita"
"SANTA CATARINA","Santa Catarina"
"NOVA AMERICA","Nova America"
"PQ VICENTE DIAS","Parque Vicente Dias"
"CAMBUCI","Cambuci"
"SOLAR JARDIM","Solar Jardim"
"ARRAIAL","Arraial"
"RUA 15","Rua 15"
"LAGO DA GARCIA","Lago Da Garcia"
"PONTO DO COQUEIRO","Ponto Do Coqueiro"
"IMBURI","Imburi"
"PRAIA DO SONHO","Praia Do Sonho"
"COSMOS","Cosmos"
"BALNEÁRIO","Balneario"
"VIEGAS","Viegas"
"AROEIRA","Aroeira"
"MARRECA","Marreca"
"CASUMBA","Casumba"
"MUSSUREPE - BAIRRO BABOSA","Mussurepe Bairro Babosa"
"ITAIM PAULISTA","Itaim Paulista"
"CARAVELAS","Caravelas"
"TIRA GOSTO","Tira Gosto"
"PRACA TIRADENTES","Praca Tiradentes"
"RIO BRANCO","Rio Branco"
"CRISTO REI","Cristo Rei"
"XEXE","Xexe"
"FAROL DE SAO TOME - RADIO VELHO","Farol De Sao Tome Radio Velho"
"SHOPPING ESTRADA","Shopping Estrada"
"VILA DIONEIA","Vila Dioneia"
"IOS","Ios"
"PONTA DO COQUEIRO","Ponta Do Coqueiro"
"RUA PRINCIPAL","Rua Principal"
"LARGO DE GARCIA","Largo De Garcia"
"6 MARIAS","6 Marias"
"BEDA","Beda"
"POSTO PLANICIE","Posto Planicie"
"ESTRADA NOVA","Estrada Nova"
"VARNADA DO VISCONDE","Varnada Do Visconde"
"CUBANGO","Cubango"
"VILA DOS PESCADORES","Vila Dos Pescadores"
"GIRO FAISCA","Giro Faisca"
"BOM JARDIM","Bom Jardim"
"SÒO JOSÚ","Soo Josu"
"HONORIO GURGEL","Honorio Gurgel"
"NOVA BRASILIA - BAIRRO","Nova Brasilia Bairro"
"PONTA COQUEIRO","Ponta Coqueiro"
"USINA STO ANTONIO","Usina Santo Antonio"
"TROPIVAL","Tropival"
"THOME","Thome"
"JARDIIM DAS FIGUEIRAS","Jardiim Das Figueiras"
"PONTA DO COQUEIRIO","Ponta Do Coqueirio"
"PRACA TIRADENTE","Praca Tiradente"
"NOVA GOITAZES","Nova Goitazes"
"VILA ROMANO","Vila Romana"
"CODIEU","Codieu"
"CAMPO DA AREIA","Campo Da Areia"
"CIDADE JARDINS","Cidade Jardins"
"C LIMPO","c Limpo"
"CAMPOS LIMPO","Campos Limpo"
"ALTO DO ELISEU","Alto Do Eliseu"
"JARDIM SAO PAULO","Jardim Sao Paulo"
"COBRA VELHA","Cobra Velha"
"JARDIM DAS ACASSIA","Jardim Das Acassia"
"PQ NOVA CANAA","Parque Nova Canaa"
"CRISTO REIS","Cristo Reis"
"CORREGO FUNDO","Corrego Fundo"
"MARIA ORTIZ","Maria Ortiz"
"MONTEIRO DE SAO BENTO","Monteiro De Sao Bento"
"MATUTU","Matutu"
"PQ SAO CLEMENTE","Parque Sao Clemente"
"MARIA QUEIROZ","Maria Queiroz"
"CAXIA DE TOCOS","Caxia De Tocos"
"NOVA DIVINEIO","Nova Divineio"
"PQ SAO FRANCISCO","Parque Sao Francisco"
"SANTA EDWIRGES","Santa Edwirges"
"TELESANTANA","Telesantana"
"RADIO VELHO","Radio Velho"
"ATERRO","Aterro"
"PRAþA JOAO PESSOA","Pra a Joao Pessoa"
"CARIOCA","Carioca"
"VENEZA","Veneza"
"SANTAFE","Santafe"
"NOVA ESPERANCA","Nova Esperanca"
"ALTO CAMARO","Alto Camaro"
"PRAIA DA COSTA","Praia Da Costa"
"PARAIBA DO SUL","Paraiba Do Sul"
"VILA DAS AMENDOEIRAS","Vila Das Amendoeiras"
"CANTO DO RIO","Canto Do Rio"
"ZUMBI DOS PALMARES","Zumbi Dos Palmares"
"BARRO VERMELHO","Barro Vermelho"
"LAGO FEIA","Lago Feia"
"SANTA FE","Santa Fe"
"TRAVESS├O","Travess o"
"SAO BENTO","Sao Bento"
"ELD","Eld"
"ELDO","Eldo"
"LUGONHA","Lugonha"
"CONRENTEZA","Conrenteza"
"CANNA","Canna"
"PARQUE REAL","Parque Real"
"BR 1011 KM 03","Br 1011 Km 03"
"PQ FARIA","Parque Faria"
"ALTO ALEGRE","Alto Alegre"
"MATUTI","Matuti"
"CAMPO GRANDE","Campo Grande"
"GRAVATA","Gravata"
"CENTRIO","Centrio"
"PALMEIRAS","Palmeiras"
"MORADA DO SOL","Morada Do Sol"
"FAROL","Farol"
"DOMANA","Domana"
"RUA DO ALTO DO ELIZEU","Rua Do Alto Do Elizeu"
"MIRANDELA","Mirandela"
"C¾rrego de ouro","c Rrego De Ouro"
"LAGOA DO GARCIA","Lagoa Do Garcia"
"CORREGO DO OURO","Corrego Do Ouro"
"EUSTODOPOLES","Eustodopoles"
"NAZARIO","Nazario"
"VILA RAINHA","Vila Rainha"
"P GROSSA","p Grossa"
"S BRAGA","s Braga"
"JD BOTANICO","Jardim Botanico"
"PALMARIA","Palmaria"
"RENATA LINHARES GOMES","Renata Linhares Gomes"
"TAQUARASSU","Taquarassu"
"SOLAR  DA PENHA","Solar Da Penha"
"KM 13","Km 13"
"CABOIO","Caboio"
"OLHOS DAGUA II","Olhos Dagua 2"
"LAGOA DOS PAUS","Lagoa Dos Paus"
"PONTO DO CARMO","Ponto Do Carmo"
"KM 09","Km 09"
"BRIRIRI","Bririri"
"PARQUE VICENTE DIAS","Parque Vicente Dias"
"STA ROSA","Santa Rosa"
"TRAV","Trav"
"RIBEIRO AMARO","Ribeiro Amaro"
"BARRA DO RIO BRANCO","Barra Do Rio Branco"
"TIJUCA","Tijuca"
"KM8","Km8"
"SANTUARIO","Santuario"
"LAGO DO GARCIA","Lago Do Garcia"
"KM08","Km08"
"KM10","Km10"
"KM15","Km15"
"KM14","Km14"
"PQ VISCONDE URURAI","Parque Visconde Ururai"
"RUA ALCIDES VIEIRA  MACIEL","Rua Alcides Vieira Maciel"
"CIDADE NOVA","Cidade Nova"
"USINA SAO JOSE","Usina Sao Jose"
"SAO JOAO DA BARRA","Sao Joao Da Barra"
"CASA","Casa"
"CONRRETEZA","Conrreteza"
"EUDONADO","Eudonado"
"PARANOA","Paranoa"
"PONTA DO CARMO","Ponta Do Carmo"
"BOCA DA BARRA","Boca Da Barra"
"CATARINO","Catarino"
"CANTO DOS FERREIRA","Canto Dos Ferreira"
"JARDIM MIRIAM","Jardim Miriam"
"SANTA TEREZA","Santa Tereza"
"ESPIRITO SANTO","Espirito Santo"
"JARDIM PARAISO","Jardim Paraiso"
"VILA MANHHAES","Vila Manhaes"
"TAPERA 03","Tapera 03"
"GAIVOTA","Gaivota"
"QUIXAVA","Quixava"
"TRAVESSAO - BAIRRO ARRAIAL","Travessao Bairro Arraial"
"RESIDENCIAL VAREZA","Residencial Vareza"
"VOLTA REDONDO","Volta Redondo"
"TRAVESSÒO BARIRI","Travessoo Bariri"
"PORTO BELO","Porto Belo"
"KM18","Km18"
"JARDIM MARICEA","Jardim Marilea"
"SAMBRA","Sambra"
"INGA","Inga"
"CURICICA","Curicica"
"TOCO","Toco"
"BARRA DE MACAE","Barra De Macae"
"CARVÒO","Carvoo"
"PARQUE CANAO","Parque Canao"
"COLEGIO","Colegio"
"CARDOSO MOREIRA","Cardoso Moreira"
"SANTO AMARO DE CAMPOS","Santo Amaro De Campos"
"AGUA PRETA","Agua Preta"
"PQ SANTUARIO","Parque Santuario"
"SAO VICENTE","Sao Vicente"
"V ROMANA","v Romana"
"LAGOINHA","Lagoinha"
"OLHOS D AGUA","Olhos d Agua"
"P. SARAIVA","p Saraiva"
"SANTOS DRUMONT","Santos Drumont"
"PORTO DO CARMO","Porto Do Carmo"
"LINHA DO LIMAO","Linha Do Limao"
"LINHA DO LIMERO","Linha Do Limero"
"NOVO ORIENTE","Novo Oriente"
"MALHAES","Malhaes"
"COLINAS","Colinas"
"CUPIM","Cupim"
"TRA","Tra"
"MONTE VERDE","Monte Verde"
"SOLEDADE 2","Soledade 2"
"CAZUNBA","Cazunba"
"CENTR","Centr"
"SOLEDADE II","Soledade 2"
"PQ VISCONDE URURAÝ","Parque Visconde Ururay"
"VASSOURA","Vassoura"
"TABUINHA","Tabuinha"
"GRUPIARIA","Grupiaria"
"VISCONDE DE URURAÝ","Visconde De Ururay"
"RODA AGUA","Roda Agua"
"PRAIA DO MORRO","Praia Do Morro"
"JD AEROPORTO","Jardim Aeroporto"
"JD PARAISO","Jardim Paraiso"
"JOSE DO PETROCINIO","Jose Do Petrocinio"
"VILA MANAHES","Vila Manhaes"
"TR╩S VENDAS","Tr s Vendas"
"SAO DANIEL","Sao Daniel"
"JARDIM ATLANTICO","Jardim Atlantico"
"PRADO","Prado"
"NOVA GOIYTACAZES","Nova Goiytacazes"
"RO","Ro"
"DOUTOR LOURENCO","Doutor Lourenco"
"ARTUR BERNARDES","Artur Bernardes"
"RIVIERA","Riviera"
"PONTA GROSSA DOS FIDALGOS","Ponta Grossa Dos Fidalgos"
"NOVO CANAA","Novo Canaa"
"PRAIA DO PECADO","Praia Do Pecado"
"GOY","Goy"
"PARQUE SAO JOAO","Parque Sao Joao"
"VILA AMENDOEIRA","Vila Amendoeira"
"SAO JOAO BARRA","Sao Joao Barra"
"PARQUE ANGELICA","Parque Angelica"
"COLONIA","Colonia"
"ALEGRIA DOS ANJOS","Alegria Dos Anjos"
"TARCISIO MIRANDA","Tarcisio Miranda"
"TERMINAL PESQUEIRO","Terminal Pesqueiro"
"VILA CRUZEIRO","Vila Cruzeiro"
"PQ VICENTE MIRANDA","Parque Vicente Miranda"
"AþU","a u"
"FAZENDA JACARANDA","Fazenda Jacaranda"
"OURO VERDE","Ouro Verde"
"CAZUMBß","Cazumb"
"PARQUE  REAL","Parque Real"
"VILA VELHA","Vila Velha"
"GIRO FAUCO","Giro Fauco"
"KM 16","Km 16"
"NOVO J","Novo j"
"P. GROSSA DOS FIDALGOS","p Grossa Dos Fidalgos"
"TORRE TELEFONICO","Torre Telefonico"
"CAXUMBA","Caxumba"
"PARAISO","Paraiso"
"ALBUQUERQUE'","Albuquerque"
"PQ VICENTE GONCALVES DIAS","Parque Vicente Goncalves Dias"
"MANHAES","Manhaes"
"OLHOS DAQUA I","Olhos Daqua i"
"PRAIA DO AÃU","Praia Do Aau"
"BARIRI","Bariri"
"ALPHA GREEN","Alpha Green"
"AMENDOEIRA","Amendoeira"
"PARQUE PALMEIRA","Parque Palmeira"
"JARDIM SAO LUIZ","Jardim Sao Luiz"
"CAMPO DE AREA","Campo De Area"
"PONTA DA GROSSA","Ponta Da Grossa"
"CAMPOS DE AREIA","Campos De Areia"
"VENEZA RESIDENCIAL","Veneza Residencial"
"BARRA GRANDE","Barra Grande"
"BAIXA GANDE","Baixa Gande"
"PQ RESIDENCIAL","Parque Residencial"
"RICHUELO","Richuelo"
"SANTA BARBARA","Santa Barbara"
"PQ ANGELICA","Parque Angelica"
"ASILO DO CARMO Q","Asilo Do Carmo q"
"CANTO DO RIO TOXOS","Canto Do Rio Toxos"
"TERRA PROMOTIDA","Terra Promotida"
"BEM VIVER","Bem Viver"
"MATINHA","Matinha"
"AGUAS DAS PEDRAS","Aguas Das Pedras"
"BABORA","Babora"
"CAANA","Caana"
"STA HELENA","Santa Helena"
"JOAO MARIA","Joao Maria"
"JARDIM AEROPORTO","Jardim Aeroporto"
"BARRA FUNDA","Barra Funda"
"LUIZ DIEGO BARBOSA CERQUEIRA","Luiz Diego Barbosa Cerqueira"
"KM 13 TRAVESSAO","Km 13 Travessao"
"PONTA GOSSA","Ponta Gossa"
"CONCEIÃ├O DO IMBE","Conceia o Do Imbe"
"FAROL XEXE","Farol Xexe"
"LAGAMAR - FAROL","Lagamar Farol"
"KM13","Km13"
"FAROL - XEX╔","Farol Xex"
"LAGOA DE CIMA I","Lagoa De Cima i"
"P VARGAS","p Vargas"
"RUA LUIZ CARLOS DE BARROS VIANA","Rua Luiz Carlos De Barros Viana"
"BOTAFOGO","Botafogo"
"VILA TAMARINDO","Vila Tamarindo"
"PQ BOUNGAVILLE","Parque Boungaville"
"SAO SALVADOR","Sao Salvador"
"NAUTICO","Nautico"
"PQ OLIVEIRA BOTELHO","Parque Oliveira Botelho"
"INDUSTRIAL","Industrial"
"BENTO RIBEIRO","Bento Ribeiro"
"AJUDA DE BAIXO","Ajuda De Baixo"
"VOLTA DA FIGUEIRA","Volta Da Figueira"
"JONAS DE ALMEIDA E SILVA","Jonas De Almeida e Silva"
"SAO MARTINS","Sao Martins"
"FRANCISCO MIRANDA","Francisco Miranda"
"NOVA ESPERENCA","Nova Esperenca"
"PAUS AMARELOS","Paus Amarelos"
"RIO DO VIVEIRO","Rio Do Viveiro"
"EXT SERRAMAR","Ext Serramar"
"FAZENDA CONCEICAO DA BARRA","Fazenda Conceicao Da Barra"
"PLANALTO","Planalto"
"FRONTEIRA","Fronteira"
"FAR,","Far"
"CAMBAIBA","Cambaiba"
"TERRA PROMTERIDA","Terra Promterida"
"SN","Sn"
"VENEZAS","Venezas"
"CAPELO","Capelo"
"FARL - NAUTICO","Farl Nautico"
"ARRAIAL - TRAVESSAO","Arraial Travessao"
"PQ STO AMARO","Parque Santo Amaro"
"VITORIA","Vitoria"
"MIGUEL COUTO","Miguel Couto"
"EST DA PENHA","Est Da Penha"
"Parque Esplanada","Parque Esplanada"
"MARRO GRANDE","Marro Grande"
"ANGELICA","Angelica"
"USINA SANTO AMARO","Usina Santo Amaro"
"MANGUINHOS","Manguinhos"
"RADIO VELHO FAROL","Radio Velho Farol"
"CUSTOPOLIS","Custopolis"
"BAIRRO DA GLORIA","Bairro Da Gloria"
"FUNDÒO","Fundoo"
"HIGIENOPOLIS","Higienopolis"
"VICENTE CONÃALVES","Vicente Conaalves"
"LUCILDA DA SILVA DOMINGOS","Lucilda Da Silva Domingos"
"JARDIM IDEAL","Jardim Ideal"
"GARDENIA AZUL","Gardenia Azul"
"LUZA MOTA","Luza Mota"
"PITANGUEIRAS","Pitangueiras"
"PQ CEU AZUL","Parque Ceu Azul"
"sivio ferras","Sivio Ferras"
"PARQUE VICEN","Parque Vicen"
"PARQUE RODOVIßRIO","Parque Rodovi Rio"
"ALMAS DO MATO","Almas Do Mato"
"FONSECA","Fonseca"
"SÃO VICENTE DE PAULA","Sao Vicente De Paula"
"SAO DIOGO","Sao Diogo"
"SANTA RITA DE CASSAIA","Santa Rita De Cassaia"
"VISTA DO PARAIBA","Vista Do Paraiba"
"CALABOUÃO","Calabouao"
"RES. RIVIEIRA","Res Rivieira"
"JD DE CAMPOS","Jardim De Campos"
